gauge_id,rank_1_forcing,rank_1_peak_te,rank_1_peak_lag,rank_2_forcing,rank_2_peak_te,rank_2_peak_lag,rank_3_forcing,rank_3_peak_te,rank_3_peak_lag,rank_4_forcing,rank_4_peak_te,rank_4_peak_lag
01013500,Tair,0.0048878833883407,14,SRAD,0.0030632665038131,13,PRCP,0.0027614217385353,1,VP,0.0026846556337543,22
01022500,PRCP,0.0166805733564089,1,Tair,0.0083002251135609,1,VP,0.0061919504793522,1,SRAD,0.0047753980402072,1
01030500,PRCP,0.0134275816762943,1,Tair,0.0074603722373123,2,VP,0.0059494066838827,2,SRAD,0.0040720228727942,5
01031500,PRCP,0.0038589515480295,1,VP,0.0015973129392197,1,SRAD,0.0014806788693391,1,Tair,0.0013509524246606,6
01047000,PRCP,0.0022771925556681,1,Tair,0.0015412782745708,17,SRAD,0.0013893350946952,3,VP,0.0013299539963271,1
01052500,Tair,0.0066120198948291,1,SRAD,0.0054710882352533,2,VP,0.0043856872052815,1,PRCP,0.0036150187896995,1
01054200,Tair,0.0037378576441534,12,VP,0.003327869905504,1,SRAD,0.0028884334131273,2,PRCP,0.0021149152665537,1
01055000,SRAD,0.0035159246617638,2,VP,0.003184383862478,1,PRCP,0.0031355322927631,1,Tair,0.0027139308321711,12
01057000,PRCP,0.0022553647421092,1,Tair,0.0017499583378014,17,SRAD,0.0014729518740313,3,VP,0.0011845067508131,1
01073000,PRCP,0.0056891769999337,1,Tair,0.0028506196732101,1,SRAD,0.0025077205156804,1,VP,0.0019599539807941,1
01078000,PRCP,0.0040309908767237,1,VP,0.003792717325043,1,Tair,0.0033623920009349,1,SRAD,0.0033151853652574,2
01118300,PRCP,0.0041191367215902,1,Tair,0.0019076214283969,26,VP,0.0016508527538713,16,SRAD,0.0014043736566376,30
01121000,Tair,0.0030093761529104,25,VP,0.0028231668629654,18,PRCP,0.0025163572351848,1,SRAD,0.0021921050536729,25
01123000,PRCP,0.0053248579832909,1,Tair,0.0026990401657905,25,VP,0.002488766931581,21,SRAD,0.0020367159833917,23
01134500,PRCP,0.0077420425534474,1,Tair,0.0064513537251381,1,VP,0.0062391948330044,1,SRAD,0.0040084618552425,2
01137500,SRAD,0.0051557637757875,2,Tair,0.0046173946421107,8,PRCP,0.0042416258211395,1,VP,0.0035872724749064,1
01139000,SRAD,0.0075702468642309,2,Tair,0.0067175282241053,1,PRCP,0.0061410539578434,1,VP,0.0048811063457987,23
01139800,SRAD,0.008486919008784,1,Tair,0.0066271408224465,19,VP,0.0060024138880259,27,PRCP,0.0052555189134645,1
01142500,Tair,0.0029607460051645,13,SRAD,0.0029503376175203,2,PRCP,0.0024649027488251,1,VP,0.0024418687494694,11
01144000,Tair,0.0042858177017838,13,VP,0.003629315863565,1,SRAD,0.0035960133502033,2,PRCP,0.0024660354135466,1
01162500,PRCP,0.0083302631617389,1,Tair,0.0041888416343064,1,VP,0.0040922900790916,30,SRAD,0.0025960303220403,10
01169000,Tair,0.0022491391373722,25,SRAD,0.0018934375937199,4,VP,0.0018730049023066,26,PRCP,0.0009122436550094,2
01170100,Tair,0.0032015516533556,26,VP,0.0027230456508276,20,SRAD,0.0022026855494247,3,PRCP,0.001146237742249,2
01181000,Tair,0.0016477936514809,25,VP,0.0014107365856269,21,SRAD,0.0013100827772133,3,PRCP,0.0006664348392192,5
01187300,Tair,0.0017901054111375,12,VP,0.0016219220513133,8,SRAD,0.0015477747407687,16,PRCP,0.0010926525933692,1
01195100,PRCP,0.0032261253695324,1,SRAD,0.0017636702290642,1,Tair,0.0013513863566265,3,VP,0.0013026955420649,20
01333000,Tair,0.0067962756707259,23,VP,0.0062615024504876,21,SRAD,0.0031122796361615,1,PRCP,0.002316625609478,1
01350000,Tair,0.0014534942848165,24,SRAD,0.0012702598372992,12,VP,0.0010813493268576,13,PRCP,0.0006725207741023,9
01350080,SRAD,0.0026037850446072,26,Tair,0.0021164762669349,13,VP,0.0015446704105401,28,PRCP,0.0011173922809831,12
01350140,Tair,0.0045376971505355,27,VP,0.0037121929520026,30,SRAD,0.0026273501448168,26,PRCP,0.0023521381090225,1
01365000,PRCP,0.00229053603036,1,Tair,0.0021401165656507,1,VP,0.0018488316799959,14,SRAD,0.0018455518651029,10
01411300,PRCP,0.0094984241843267,1,SRAD,0.0034262761417212,1,Tair,0.0015135359715714,28,VP,0.0012647838723277,4
01413500,Tair,0.0021778773547274,25,VP,0.0018257984107079,28,SRAD,0.0014439335580371,27,PRCP,0.0011784784693166,9
01414500,Tair,0.0028737186597897,24,VP,0.0026862382834794,11,SRAD,0.0021707270230729,27,PRCP,0.0021327783072487,1
01415000,Tair,0.0023859164299531,23,VP,0.0021859887444086,30,SRAD,0.0020790492898737,29,PRCP,0.0013168174013687,1
01423000,Tair,0.0033443844142257,11,VP,0.0031413653618251,24,SRAD,0.0021773322987349,29,PRCP,0.0021481855645947,1
01434025,Tair,0.0027830004744889,12,VP,0.0020469528387142,27,PRCP,0.0016908901286924,1,SRAD,0.0016030234808475,10
01435000,Tair,0.0026938610507066,24,VP,0.002192267380195,27,SRAD,0.0018844087917632,9,PRCP,0.0018645710621857,1
01439500,PRCP,0.0050558685996535,1,Tair,0.0035051198777791,13,VP,0.0029179671418481,26,SRAD,0.0025956268148081,1
01440000,PRCP,0.0045639024212082,1,SRAD,0.0024902173510137,1,Tair,0.002384307254026,1,VP,0.002016387537162,25
01440400,PRCP,0.0025880487028968,1,Tair,0.0020460802377703,14,SRAD,0.0015254251438003,2,VP,0.0015137051897125,9
01451800,VP,0.0050530089765948,24,Tair,0.0045498552152693,27,SRAD,0.0039089271730992,1,PRCP,0.0034313423727826,2
01466500,PRCP,0.0050857771556291,1,VP,0.0020911415453268,30,Tair,0.001897614907423,24,SRAD,0.0016666219887661,1
01484100,PRCP,0.0030044620157695,1,SRAD,0.0016558559770796,1,Tair,0.0013813045960237,29,VP,0.0011883906192709,30
01485500,PRCP,0.0106199484803114,1,SRAD,0.0029891880435809,1,VP,0.001706571777213,17,Tair,0.0017052835758782,2
01486000,PRCP,0.0039940576517083,1,Tair,0.0029542817329892,17,VP,0.0026750736573273,28,SRAD,0.0024658622121761,1
01487000,PRCP,0.0105096962607444,1,SRAD,0.0050074745696715,1,Tair,0.0041694894114866,7,VP,0.0040080220988887,16
01491000,PRCP,0.005742055028134,1,SRAD,0.0020038278926264,1,Tair,0.0016784479559185,23,VP,0.0014553810332838,29
01510000,Tair,0.0036509548364904,14,VP,0.0030440426332127,9,SRAD,0.0019500592691575,3,PRCP,0.0017555879453234,1
01516500,Tair,0.0023843683775613,19,VP,0.0021257974082035,30,SRAD,0.0016272849554311,16,PRCP,0.0010756996397244,9
01518862,Tair,0.002357168015853,28,VP,0.0022207992424778,3,SRAD,0.0020157950199749,1,PRCP,0.0017873541250994,1
01532000,Tair,0.001417329725877,30,VP,0.0012836726679052,28,SRAD,0.0010371442101772,24,PRCP,0.0006554222582066,26
01539000,SRAD,0.0015153822326296,8,Tair,0.0013882674187413,30,VP,0.0013282031514602,17,PRCP,0.0011752912130433,1
01542810,VP,0.0043341120982658,1,Tair,0.0037758003375574,21,SRAD,0.003000937692776,23,PRCP,0.002361625783767,1
01543000,VP,0.0028918581500748,1,Tair,0.0026351587532701,8,SRAD,0.0022213318010947,26,PRCP,0.0021459057440014,1
01543500,VP,0.0030004073216606,1,Tair,0.0027772069559556,1,PRCP,0.0026584622185856,1,SRAD,0.0022605463007238,1
01544500,VP,0.0034342903127549,1,Tair,0.0032768991715295,30,PRCP,0.0032553991853733,1,SRAD,0.0025159157475025,1
01545600,Tair,0.0023957701761083,27,VP,0.0023833950997991,27,PRCP,0.0023027774308176,1,SRAD,0.0019770186736592,30
01547700,SRAD,0.0014260044841049,2,Tair,0.001415821503253,8,VP,0.0009291288084341,30,PRCP,0.0009105646575445,1
01548500,Tair,0.0029262607892917,24,VP,0.0025193436095827,21,SRAD,0.0023867261440712,1,PRCP,0.001691136163643,1
01549500,Tair,0.0035109099239535,12,SRAD,0.0032070979454024,2,VP,0.0030033277813552,18,PRCP,0.001701060256437,1
01550000,Tair,0.0022914590517488,12,PRCP,0.0021589403315013,1,SRAD,0.0019316115446364,12,VP,0.00183833279213,11
01552000,Tair,0.0020656087406477,30,SRAD,0.0016741292879737,13,VP,0.0013535374237925,19,PRCP,0.0010543510080626,1
01552500,Tair,0.0024732597689942,11,VP,0.0021404510386345,10,SRAD,0.0020199757440367,14,PRCP,0.0012455369377428,1
01557500,Tair,0.003921884181639,1,VP,0.0032560349963224,20,SRAD,0.0032314762567587,12,PRCP,0.0025661125572298,1
01567500,SRAD,0.0020579565203967,24,Tair,0.0020190051633741,13,VP,0.0017512811723041,16,PRCP,0.0015735696099446,1
01568000,PRCP,0.0031475435976292,1,Tair,0.0028753732484317,27,SRAD,0.0027971054981537,1,VP,0.0027230402917205,5
01580000,Tair,0.0025486811444848,28,VP,0.0020553479727382,16,SRAD,0.0020349370366724,11,PRCP,0.0018428224039257,1
01583500,Tair,0.0020374005335955,28,PRCP,0.0019029342842928,1,SRAD,0.0017710162524819,11,VP,0.001332429715146,15
01586610,Tair,0.0024567963544909,28,PRCP,0.0020387642419112,1,VP,0.00196835572348,17,SRAD,0.0018699355494762,19
01591400,PRCP,0.0039788827130594,1,SRAD,0.002031535446088,4,Tair,0.0019723528829628,27,VP,0.0016673348349216,25
01594950,Tair,0.0044294176421273,27,VP,0.0040571937312163,17,SRAD,0.002742251600525,7,PRCP,0.0025535414531303,1
01596500,Tair,0.0052130845237307,27,VP,0.0043174070709853,28,SRAD,0.0023844773165094,5,PRCP,0.0018614836996266,1
01605500,Tair,0.0006110313057123,22,SRAD,0.0005195780620546,4,VP,0.0004867190597015,20,PRCP,0.0004509194600988,14
01606500,PRCP,0.0010009761606117,1,SRAD,0.0008233298682404,26,VP,0.0007270231455555,16,Tair,0.0006509932975226,14
01613050,PRCP,0.0016925029404334,1,SRAD,0.0016861168935051,27,Tair,0.0016157985283814,25,VP,0.0011632907694496,3
01620500,SRAD,0.0012251923274544,3,VP,0.0012078083408468,24,Tair,0.0011890579012076,13,PRCP,0.001095477685015,1
01632000,Tair,0.0012606255542178,1,SRAD,0.0011787841668744,19,VP,0.001108006896215,1,PRCP,0.0006447494426418,11
01632900,Tair,0.0020149198557565,25,VP,0.0017676434132932,17,SRAD,0.0016631163671443,1,PRCP,0.0012860372859964,1
01634500,Tair,0.002554503304081,26,VP,0.0022583606913322,25,SRAD,0.0015568818400686,15,PRCP,0.0012485676425042,1
01638480,VP,0.002297916161278,19,Tair,0.0021407399485509,11,PRCP,0.0018268517294987,1,SRAD,0.0017720557108078,21
01639500,Tair,0.0032765253575972,26,VP,0.0029816052747556,15,SRAD,0.0024871737427677,30,PRCP,0.002209136535657,1
01644000,VP,0.0023782006236587,14,Tair,0.0021284078100217,13,SRAD,0.0020204737252949,20,PRCP,0.001890914090997,1
01658500,Tair,0.0025053562100001,29,SRAD,0.0020546681402064,16,VP,0.0019303173409422,22,PRCP,0.0012704370651006,7
01664000,PRCP,0.0045382292137187,1,Tair,0.0024921487772734,12,SRAD,0.0024386203672642,1,VP,0.0023052939765633,14
01666500,VP,0.0017168730509984,16,SRAD,0.0015830376412408,21,PRCP,0.0014862702457494,1,Tair,0.001464363770927,15
01667500,PRCP,0.0020805922308813,1,SRAD,0.0014563823978432,1,Tair,0.0013245697103065,8,VP,0.0011944671849237,26
01669000,PRCP,0.0042756908047618,1,SRAD,0.0018830141508971,1,VP,0.0011911936305845,29,Tair,0.0011213247453386,11
01669520,PRCP,0.0040272695775053,1,SRAD,0.0014842750429856,1,VP,0.0011938227422991,11,Tair,0.0009397568447483,15
02011400,Tair,0.0017352547119028,25,VP,0.0015140282867789,1,SRAD,0.0012342858437906,29,PRCP,0.0009863662296101,1
02011460,Tair,0.0017569856016411,26,VP,0.0015139470637388,26,SRAD,0.0011714009200225,13,PRCP,0.0007107094240912,6
02013000,Tair,0.0031690067124011,26,VP,0.0027824216451816,26,SRAD,0.0020279531319863,1,PRCP,0.0020112670058594,1
02014000,PRCP,0.0033618342953,1,SRAD,0.0033035498107455,1,Tair,0.0029508582452034,27,VP,0.0024219297505677,26
02015700,Tair,0.0017352229164735,26,VP,0.001659675654881,30,SRAD,0.0013449154718975,16,PRCP,0.0010786048145322,1
02016000,PRCP,0.0035080844409542,1,VP,0.0025266047060642,1,SRAD,0.0024798723981367,1,Tair,0.0020624234710093,27
02017500,PRCP,0.0030282692457939,1,Tair,0.0030044338397628,25,VP,0.0026549140908099,26,SRAD,0.0025151457057692,1
02018000,PRCP,0.0073005083945968,1,SRAD,0.0047351963751592,1,Tair,0.0021149138808299,30,VP,0.0020765924988607,1
02027000,SRAD,0.0021443352964885,14,VP,0.0021197708346156,27,Tair,0.0017857171368613,8,PRCP,0.0012317693910959,1
02027500,PRCP,0.0012198693336711,1,SRAD,0.0010895350570656,1,Tair,0.0007084096463213,10,VP,0.0006962772205302,10
02028500,SRAD,0.0023924071363724,3,Tair,0.0022257334908874,25,VP,0.0021685521201206,24,PRCP,0.0021548027011953,1
02038850,PRCP,0.0011033538448819,1,SRAD,0.0010123792052093,12,VP,0.0008893585454705,14,Tair,0.0007800738070002,21
02046000,PRCP,0.0043703891399769,1,VP,0.001897296985032,4,SRAD,0.0018184475390803,1,Tair,0.0013809875741961,27
02051000,Tair,0.002333649611315,5,VP,0.0023112011749992,21,SRAD,0.0022825172231996,1,PRCP,0.0012657965115279,2
02051500,PRCP,0.0204718277512,1,SRAD,0.0094005546267135,1,Tair,0.0048040997208135,26,VP,0.0042733462745034,29
02053200,PRCP,0.0023865396602685,2,SRAD,0.0013268360954731,1,VP,0.0010378659454069,21,Tair,0.0006508039870012,14
02053800,PRCP,0.0035207799651377,1,SRAD,0.0031085805592057,1,VP,0.0025414058656837,2,Tair,0.0023580594991347,16
02055100,PRCP,0.0007534623618023,1,SRAD,0.0004452858074867,12,VP,0.0003454719130543,24,Tair,0.000235727696862,20
02056900,SRAD,0.003345186627123,1,PRCP,0.0027329931658891,1,Tair,0.0019497145548845,12,VP,0.0018118963145479,7
02059500,PRCP,0.0017540710330473,1,SRAD,0.0011775696472503,1,VP,0.0007072493438242,24,Tair,0.0005463140858064,13
02064000,SRAD,0.0007030748016181,1,Tair,0.0006654356312578,12,PRCP,0.0006283393191734,2,VP,0.0006091721328827,22
02065500,PRCP,0.0051584008261317,1,SRAD,0.0026665017245228,1,VP,0.0014900528939956,16,Tair,0.0013977110944777,13
02069700,SRAD,0.0012423510534622,1,PRCP,0.0011855630822938,1,VP,0.0011335607191101,1,Tair,0.0008173754817573,24
02070000,PRCP,0.0019336740426326,1,SRAD,0.0013404021069432,1,VP,0.0012370791102947,2,Tair,0.001073431781469,12
02074500,VP,0.0017288825847246,8,Tair,0.0015189670995481,30,SRAD,0.0015051646847681,7,PRCP,0.0015004515902766,1
02077200,SRAD,0.0012715014686051,1,PRCP,0.0010512991031335,1,Tair,0.0008986650093164,25,VP,0.0008905965339457,23
02081500,PRCP,0.0061775368428859,1,SRAD,0.0042835129074415,1,Tair,0.0034495725015527,7,VP,0.0033314944763378,26
02082950,PRCP,0.0029583082708213,1,SRAD,0.000784720443289,1,Tair,0.0007070978667175,24,VP,0.0006671972134022,2
02092500,PRCP,0.0027285357887122,1,VP,0.0016514737720317,4,SRAD,0.0015682440896558,1,Tair,0.0009782039772978,4
02096846,VP,0.003013567955356,28,Tair,0.0027500041987943,29,SRAD,0.002490334672245,27,PRCP,0.0012710201518276,10
02102908,PRCP,0.0026908245085456,1,SRAD,0.0017579461476546,1,VP,0.0016046998869505,1,Tair,0.0014920625516299,7
02108000,PRCP,0.0032431657225722,2,SRAD,0.0016484087980845,2,VP,0.0012636804264813,1,Tair,0.0006739489135978,6
02111180,PRCP,0.001803296630412,1,SRAD,0.001427245400004,1,VP,0.0013504724867848,8,Tair,0.000942941045731,17
02111500,SRAD,0.002729924562836,1,VP,0.0020598290351184,17,Tair,0.0018580200328721,13,PRCP,0.0018547055454203,1
02112120,PRCP,0.002342812920724,1,SRAD,0.0021532004272086,1,VP,0.0015310209189081,17,Tair,0.0013104712036083,29
02112360,PRCP,0.0031223926448013,1,VP,0.0028800815507784,5,SRAD,0.0027195143845217,25,Tair,0.0022278934674113,26
02118500,PRCP,0.0024069849968561,1,SRAD,0.0022903104595974,1,VP,0.0019002494151361,3,Tair,0.0016694406588307,19
02125000,SRAD,0.0041201492075916,1,PRCP,0.0028333309013042,1,VP,0.0026814952625808,26,Tair,0.0025625786482933,25
02128000,PRCP,0.0035838394998161,1,SRAD,0.0028396226240156,1,Tair,0.0013485955894703,11,VP,0.0013102133966967,17
02137727,SRAD,0.0013531103782447,1,VP,0.0011993099614814,4,Tair,0.001186568473087,11,PRCP,0.0008694318364101,1
02140991,SRAD,0.0024285857095374,1,VP,0.0019112530198904,1,PRCP,0.001864728534032,1,Tair,0.0013855535638537,9
02143000,PRCP,0.0048301189237432,1,SRAD,0.0033643398583013,1,Tair,0.0019995682308619,20,VP,0.0016870957610649,17
02143040,PRCP,0.003100190655061,1,SRAD,0.0028738935028367,1,VP,0.0012398871849942,1,Tair,0.0011301055908488,11
02149000,PRCP,0.0026794899639438,1,SRAD,0.0021362191799627,1,VP,0.001316815269988,30,Tair,0.0012803121949247,16
02152100,SRAD,0.0019357240566843,1,VP,0.001429308498297,1,PRCP,0.0013482178991708,1,Tair,0.0011222793147821,1
02177000,SRAD,0.0020888963354493,1,PRCP,0.0018113975969995,1,VP,0.001430009913958,18,Tair,0.0009031263726938,6
02178400,SRAD,0.0039898214800073,1,PRCP,0.002786754012018,1,VP,0.0022849728478,1,Tair,0.0021488495744609,23
02193340,Tair,0.0035597313725988,28,VP,0.0033417976368658,29,SRAD,0.0029960588853631,15,PRCP,0.0023378199781589,1
02196000,PRCP,0.0081364108299167,1,SRAD,0.0076351810855773,1,Tair,0.0059189338626548,29,VP,0.0050570609826022,25
02198100,PRCP,0.004191349754304,1,SRAD,0.002587049387678,1,Tair,0.0019878977849899,29,VP,0.0017553133030765,9
02202600,PRCP,0.0084753715784696,2,SRAD,0.0042408478651199,2,Tair,0.0019690570052546,17,VP,0.0017919221534191,19
02212600,SRAD,0.0039013086701724,1,PRCP,0.0037872297695459,1,Tair,0.0028797459404592,29,VP,0.0025368128092548,15
02215100,PRCP,0.0108858911247202,1,SRAD,0.0049925298304967,1,Tair,0.0026323348566744,26,VP,0.0023260070734055,14
02216180,PRCP,0.0062730171362397,1,SRAD,0.0039985430465579,1,Tair,0.0030868373741961,15,VP,0.0024838540234911,17
02221525,PRCP,0.0091687190976835,1,SRAD,0.0059961207058235,1,Tair,0.0033174218839488,11,VP,0.0032952071446267,29
02231000,PRCP,0.0055429116195958,1,SRAD,0.0023475880243181,1,VP,0.0013887756235895,3,Tair,0.0013510394151197,27
02231342,PRCP,0.0072958396549987,1,SRAD,0.0032811590297517,1,VP,0.0031727476742597,16,Tair,0.0022854547995738,16
02235200,PRCP,0.0085673920402724,1,SRAD,0.0052196863945638,1,VP,0.0029389853985227,15,Tair,0.0017904569963759,25
02245500,PRCP,0.0112209724609485,1,SRAD,0.0049264005004652,1,VP,0.0027463168290339,1,Tair,0.0020712121488536,5
02246000,PRCP,0.009826845058695,1,SRAD,0.0044574538440239,1,VP,0.0014545611652278,27,Tair,0.0010341452648502,10
02296500,PRCP,0.0066345848754837,1,SRAD,0.0049309861777972,1,VP,0.0028918106439286,3,Tair,0.0022801437506397,17
02297155,PRCP,0.004930673938227,1,VP,0.00302453279823,13,SRAD,0.0024563924717027,1,Tair,0.0023998623727058,8
02297310,PRCP,0.0046894884355461,1,SRAD,0.0029716170462844,2,VP,0.0018417743858461,30,Tair,0.0016403604488385,20
02298123,PRCP,0.0103573148236729,1,SRAD,0.0059859387623459,1,VP,0.0045290407020487,3,Tair,0.004057235569915,17
02298608,PRCP,0.008639813848042,1,SRAD,0.0041407936389917,1,VP,0.0029320748783731,4,Tair,0.002513851156714,8
02299950,PRCP,0.0074336681651266,1,SRAD,0.0036745327095468,1,VP,0.0024488049681826,13,Tair,0.0017294268322339,1
02300700,PRCP,0.0069719693240561,1,SRAD,0.002981432849403,1,VP,0.001576415128197,16,Tair,0.0011651401215704,16
02310947,PRCP,0.0064430121839452,1,SRAD,0.004947290827998,1,VP,0.0028255254188881,2,Tair,0.0023757807903969,22
02312200,PRCP,0.0067248308062115,1,SRAD,0.0044020435267279,1,VP,0.0028244211577211,16,Tair,0.0024484852951269,17
02314500,PRCP,0.0055311053396993,2,SRAD,0.004224208226024,2,VP,0.0023807202964634,17,Tair,0.0017440482279368,21
02315500,PRCP,0.0039044479517116,1,SRAD,0.0030123869341618,1,VP,0.0021054831283636,1,Tair,0.0019885451813207,28
02324400,PRCP,0.0063743789057033,1,SRAD,0.0048889878222238,1,VP,0.0030743477980761,13,Tair,0.0023045259265984,28
02327100,PRCP,0.0096287054608217,1,SRAD,0.0033426858823691,1,VP,0.0010410944586533,2,Tair,0.0009275188498665,5
02342933,Tair,0.0012458572948354,12,VP,0.0012048463837734,17,SRAD,0.0008101117971661,27,PRCP,0.0005388416375115,29
02349900,SRAD,0.0025527756006496,1,PRCP,0.0021209441937302,1,Tair,0.0017509461021038,13,VP,0.001561484427531,26
02350900,PRCP,0.002851548322444,1,SRAD,0.0016896676560954,1,VP,0.0015913819456546,1,Tair,0.001276513774968,10
02361000,PRCP,0.0015221282622971,2,SRAD,0.0009989861578897,1,VP,0.0007870443418499,8,Tair,0.0007855751824642,10
02363000,PRCP,0.0038643250690724,2,SRAD,0.0021358648085726,2,VP,0.0015964155289447,2,Tair,0.0013760352687225,12
02369800,PRCP,0.0011349326356638,1,VP,0.0008004980180974,22,SRAD,0.000700152974398,25,Tair,0.0006123377387348,18
02371500,PRCP,0.0060319188054189,3,SRAD,0.003286465456274,3,VP,0.0021095260688753,2,Tair,0.0017234455246253,2
02372250,PRCP,0.0034321875079955,3,SRAD,0.0020290717266985,3,VP,0.0017373133983243,2,Tair,0.0013292126043516,25
02374500,PRCP,0.0087233062601394,1,SRAD,0.0042441080471898,1,VP,0.0018197525245533,22,Tair,0.0017087821412655,24
02381600,VP,0.0023552667803155,24,Tair,0.0021392253412909,29,SRAD,0.0019078496390985,26,PRCP,0.0016902693005871,26
02384540,PRCP,0.0034908595672648,1,SRAD,0.0023809032219631,1,Tair,0.0016111641300938,7,VP,0.0015794433861367,1
02395120,Tair,0.0036991491734882,29,VP,0.0034544382631056,28,PRCP,0.0033744008739324,1,SRAD,0.0032459222915882,21
02408540,PRCP,0.0039206592287222,1,SRAD,0.0038177988704241,1,Tair,0.0037287559947809,29,VP,0.0034079794926233,14
02415000,Tair,0.0041100469997118,14,SRAD,0.004009867732454,1,VP,0.0039615909054562,28,PRCP,0.002932865785339,1
02422500,PRCP,0.0024897457353233,1,SRAD,0.0024654845982956,1,Tair,0.0018718039103494,29,VP,0.0018124781831833,20
02427250,PRCP,0.0109945359949977,1,SRAD,0.0062028648031162,1,VP,0.0030374941224004,24,Tair,0.002920300524608,27
02430085,SRAD,0.0032990970149748,5,Tair,0.0031104598785976,28,VP,0.0030718745794957,10,PRCP,0.0024567779457289,1
02430615,SRAD,0.0035643813482777,5,VP,0.0033005550742952,4,PRCP,0.0032739925374222,1,Tair,0.0031211243774796,6
02450250,PRCP,0.0046895207312909,1,Tair,0.0042461997397759,27,VP,0.0038536784298125,15,SRAD,0.0036672749366013,2
02464000,PRCP,0.0070720458539332,1,SRAD,0.0061410841471398,1,Tair,0.0049329886088116,26,VP,0.0044672556169201,30
02464146,Tair,0.0013380285749998,20,SRAD,0.0012524459505664,22,VP,0.0011495257709375,24,PRCP,0.0008580847028945,3
02464360,PRCP,0.0060932614025206,1,SRAD,0.0056558691012066,1,Tair,0.0039700831963897,25,VP,0.0035272213350559,24
02465493,PRCP,0.0027381847523971,1,SRAD,0.0016366242074675,1,Tair,0.001051217202436,26,VP,0.0009465378995265,5
02469800,PRCP,0.0131619933433731,1,SRAD,0.00512431064091,1,Tair,0.0031806163109202,22,VP,0.002960302253047,21
02472000,PRCP,0.0098426168035376,2,SRAD,0.0065194925737153,1,Tair,0.0033531997531365,2,VP,0.0030832782116418,11
02472500,PRCP,0.0063018599603484,1,SRAD,0.0042172338904266,1,VP,0.0027448390602572,1,Tair,0.0026963148037492,27
02479155,PRCP,0.0032125127883603,1,VP,0.0018699042170802,30,Tair,0.0018038059722118,26,SRAD,0.0017931757278175,1
02479300,PRCP,0.0152525865782276,1,SRAD,0.0053169453286711,1,VP,0.0033187922226228,2,Tair,0.0027692866366789,11
02479560,PRCP,0.0177808517459913,1,SRAD,0.0075095029541992,1,VP,0.0030722742988822,1,Tair,0.0027727605012816,1
02481000,PRCP,0.0104505870972645,1,SRAD,0.0056849170378244,1,Tair,0.003962645418318,1,VP,0.0037817056715268,1
02481510,PRCP,0.0111249768409959,1,SRAD,0.0049766739471675,1,VP,0.002789160370475,1,Tair,0.0027543405195228,1
03010655,PRCP,0.0055988977104978,1,VP,0.0048484463607464,1,Tair,0.0044564311427113,1,SRAD,0.0035830855957277,3
03011800,SRAD,0.0025870685718769,2,Tair,0.0025825407255579,24,PRCP,0.0019705717763308,1,VP,0.0019302169506428,1
03015500,Tair,0.0043311743449157,17,VP,0.004192187316465,18,PRCP,0.003337685744487,1,SRAD,0.0031636838876092,2
03021350,Tair,0.0098147367870508,1,VP,0.0065213949060888,9,SRAD,0.0039535485709514,29,PRCP,0.0029028989136973,2
03026500,Tair,0.0032425295178722,23,VP,0.0030345027040387,1,SRAD,0.0021618892009198,26,PRCP,0.0016421231598569,2
03028000,VP,0.0029796217995743,1,Tair,0.0024599103639297,8,SRAD,0.0020540691630852,16,PRCP,0.0012367771179409,1
03049000,VP,0.0023348015898824,19,Tair,0.0020409620121615,23,SRAD,0.0019805584802108,1,PRCP,0.0014119958301538,1
03049800,SRAD,0.0010852634050181,30,PRCP,0.0009684004457122,8,VP,0.0008052693886285,11,Tair,0.0007262865890465,11
03050000,PRCP,0.0060487278919134,1,VP,0.0045122911974022,30,Tair,0.0043758527132016,28,SRAD,0.0034635712379613,14
03066000,PRCP,0.0020148173941718,1,Tair,0.0012817788326581,29,SRAD,0.0012705841630318,6,VP,0.0009319659800702,16
03069500,VP,0.0027574537556299,25,Tair,0.002504449182504,25,SRAD,0.0018564774711563,21,PRCP,0.0014270013396317,1
03070500,Tair,0.0055994867456416,26,VP,0.0049436068056692,24,SRAD,0.0027202784565067,26,PRCP,0.0026367356315709,1
03076600,Tair,0.0049072861556715,22,VP,0.0042600866255283,30,SRAD,0.0032747596465652,16,PRCP,0.0018427138359877,12
03078000,Tair,0.0054743298811477,25,VP,0.0043070804729893,29,SRAD,0.0023051134857072,10,PRCP,0.0017506626928292,1
03140000,PRCP,0.0035699889173656,1,VP,0.0033914704434521,18,Tair,0.0032562321587612,22,SRAD,0.002968676769299,26
03144000,PRCP,0.0035555321696858,1,VP,0.002802417060728,25,Tair,0.0025733572965534,25,SRAD,0.0021821976350947,1
03159540,Tair,0.0033505706885513,21,PRCP,0.0028854986511005,1,VP,0.0025650699213694,30,SRAD,0.0017690992352816,1
03161000,SRAD,0.0020313006271203,1,PRCP,0.0019390707324146,1,VP,0.0013124969226609,14,Tair,0.0012135208764124,27
03164000,PRCP,0.0060780930095411,1,SRAD,0.0039701748741667,1,Tair,0.0015441246919938,10,VP,0.0015174896209797,1
03165000,SRAD,0.0028970430658479,1,VP,0.0027991787391605,17,PRCP,0.0026271523224004,1,Tair,0.002266457473927,10
03170000,PRCP,0.0049155304475626,1,SRAD,0.0041061083114826,1,Tair,0.0029697766074275,30,VP,0.0028697414951798,3
03173000,PRCP,0.005260050423004,1,SRAD,0.0027723364286223,1,Tair,0.0027061353937937,26,VP,0.0020679352740793,27
03180500,VP,0.0023481318249685,17,Tair,0.0023299426078608,24,SRAD,0.0015534031170159,21,PRCP,0.0010726788820892,12
03182500,Tair,0.0030630086461296,27,VP,0.0028865196487456,27,PRCP,0.002034406607569,1,SRAD,0.0017982787028854,29
03186500,Tair,0.0048381424647181,22,VP,0.0044663944573444,24,PRCP,0.0032405173232831,1,SRAD,0.0025090238562038,2
03187500,VP,0.0037736627577945,29,Tair,0.0036612701026836,13,PRCP,0.0026889071725207,1,SRAD,0.0021650558376317,30
03213700,PRCP,0.007642967840569,1,Tair,0.0037589340923736,24,VP,0.0036988803235552,25,SRAD,0.0030839516090158,1
03237280,VP,0.0029384524869341,27,Tair,0.0028135185027864,25,SRAD,0.0023765412696463,24,PRCP,0.0019656036320223,1
03237500,Tair,0.0013147614974979,29,VP,0.001068235882799,28,SRAD,0.0009470247363777,19,PRCP,0.0006520323196826,1
03238500,Tair,0.0044679918735313,6,VP,0.0041965716554973,27,PRCP,0.0036304707064038,1,SRAD,0.003244769009929,1
03241500,PRCP,0.0041476873785167,1,Tair,0.0032548505633083,12,SRAD,0.0030696750779617,1,VP,0.0028684143090152,17
03280700,Tair,0.0036926830849361,23,VP,0.0032520305321468,26,PRCP,0.0028419045861241,1,SRAD,0.0027528616158645,17
03281100,Tair,0.0044139730262438,23,PRCP,0.004029385441012,1,VP,0.0038440404346292,22,SRAD,0.0029922201781455,1
03281500,PRCP,0.0115652329700652,1,Tair,0.0048884900067964,27,SRAD,0.0048767316404621,1,VP,0.0042185751442812,27
03285000,PRCP,0.0030973391301424,1,VP,0.0020971504702901,26,SRAD,0.002060828198391,1,Tair,0.0018586037642564,24
03291780,PRCP,0.0037624335130965,1,Tair,0.003075150673296,13,VP,0.0030217648036979,1,SRAD,0.0025552663712744,8
03300400,PRCP,0.0086845884260204,1,SRAD,0.0040134070911125,1,VP,0.0030405520026551,28,Tair,0.0029904484539899,24
03338780,PRCP,0.0100135353670167,1,SRAD,0.0049097557975477,1,Tair,0.0030904777793779,15,VP,0.0026030657499718,2
03340800,PRCP,0.0027307854994172,1,Tair,0.0018308230373149,12,SRAD,0.0017405201587561,13,VP,0.0017361803709126,11
03346000,PRCP,0.0106987742230506,1,SRAD,0.0043913872269282,1,Tair,0.0027049595434856,11,VP,0.0024781834780024,2
03357350,PRCP,0.0030411269072801,1,SRAD,0.0026802923584543,1,Tair,0.0026658227531318,27,VP,0.0019391343671669,7
03364500,PRCP,0.0025084960759554,1,Tair,0.0021755986291308,13,SRAD,0.0021379964257345,20,VP,0.0020108759698437,1
03366500,PRCP,0.0048973855122731,1,VP,0.0032304454726364,1,Tair,0.0026590583598971,27,SRAD,0.0021513658347408,24
03368000,Tair,0.0030679258212457,27,VP,0.0030288063835503,15,SRAD,0.0021505644894339,19,PRCP,0.0016105395472405,15
03384450,Tair,0.0030853114355202,16,VP,0.0027675987342757,18,SRAD,0.002440099711765,1,PRCP,0.00223621208181,1
03439000,SRAD,0.0030597424763098,1,PRCP,0.0025896818977999,1,VP,0.0024750190445805,11,Tair,0.0021393577055743,29
03450000,PRCP,0.0019777925294745,1,SRAD,0.0013965155527903,29,VP,0.0013788900484676,18,Tair,0.0013469949623302,7
03455500,SRAD,0.0035585396875265,1,VP,0.0030356074574759,8,PRCP,0.0029282599828764,1,Tair,0.0028842845609534,6
03456500,PRCP,0.0027012243672946,1,SRAD,0.0019920840381593,1,VP,0.0017895412599895,21,Tair,0.0012878230768216,4
03460000,Tair,0.0038569434484763,26,PRCP,0.0036763937107248,1,SRAD,0.0031474251770401,1,VP,0.0030961093996108,25
03463300,PRCP,0.0016239884218222,1,VP,0.001527964131342,5,SRAD,0.0013452782327311,9,Tair,0.0010672779611785,26
03471500,PRCP,0.0027583383773767,1,Tair,0.0023542706018605,27,VP,0.0022187928476443,27,SRAD,0.0021754874231257,1
03473000,PRCP,0.0057555360388759,1,Tair,0.0039061272078883,30,SRAD,0.0038681858676467,1,VP,0.0038161029327063,23
03479000,VP,0.0017123533066715,30,SRAD,0.0015970549996463,23,PRCP,0.0015163188564989,1,Tair,0.0013935216477407,18
03488000,PRCP,0.0032942282655383,1,Tair,0.0029824067734774,15,SRAD,0.0025102827645633,1,VP,0.0023978122501033,24
03498500,PRCP,0.0045178353820931,1,Tair,0.0026608766869845,23,SRAD,0.0026177574009294,1,VP,0.0024412404541203,23
03500000,PRCP,0.0066938140044993,1,SRAD,0.0055268640076099,1,VP,0.0025607532429218,1,Tair,0.0020644678500304,24
03500240,Tair,0.0029448141770715,15,VP,0.0027497099356621,10,SRAD,0.0027054356989042,1,PRCP,0.0026326151699973,1
03504000,PRCP,0.0030505174898744,1,SRAD,0.002975232831273,1,VP,0.0024351891203257,9,Tair,0.0021660511996003,15
03574500,PRCP,0.0117300928138992,1,SRAD,0.0031053829452224,1,VP,0.0022071923771127,24,Tair,0.0020675177179234,23
03592718,PRCP,0.0016345390868567,1,Tair,0.0015765580328773,9,VP,0.0014597428298429,9,SRAD,0.001049951652348,19
03604000,PRCP,0.0061480052005845,1,Tair,0.0017820600803173,27,SRAD,0.0017139487684237,1,VP,0.0013847226427217,14
04015330,SRAD,0.0007807556537786,6,VP,0.000641705801462,8,Tair,0.0006198066667839,17,PRCP,0.0005671108533514,11
04024430,PRCP,0.0091986421550295,1,Tair,0.0033350602441798,1,VP,0.0029991708002113,2,SRAD,0.0022665011179667,19
04027000,SRAD,0.003376809961025,15,Tair,0.0033069843560264,1,PRCP,0.0029925337073788,1,VP,0.0025367147004157,1
04040500,PRCP,0.0042813457260081,1,SRAD,0.0041167168897837,3,Tair,0.0037689020759138,1,VP,0.0026820289870182,24
04043050,SRAD,0.0082479071702357,2,Tair,0.0071299054886352,4,PRCP,0.0066143454780882,1,VP,0.004560551831856,2
04045500,Tair,0.0055205607965128,2,VP,0.0036250295508646,10,PRCP,0.002631228391574,2,SRAD,0.0020743521772571,10
04056500,Tair,0.0036049330593783,8,PRCP,0.00306933706472,1,VP,0.0027275163719381,24,SRAD,0.00207503412604,10
04057510,PRCP,0.0078632954134151,1,Tair,0.0047506255988815,1,VP,0.0045242024151562,1,SRAD,0.003228359827217,9
04057800,PRCP,0.0035234495124487,1,Tair,0.0029430199487296,2,SRAD,0.0028761163451166,3,VP,0.0028052657444907,1
04059500,PRCP,0.0050395817630826,1,Tair,0.0033662095740092,7,VP,0.0031997290653062,7,SRAD,0.00316943861346,18
04063700,PRCP,0.005373621371841,1,Tair,0.0040480826847391,1,SRAD,0.0037013573407923,9,VP,0.0024551518954065,9
04074950,PRCP,0.0091390740570012,1,Tair,0.0053640259980193,1,SRAD,0.0039010726964154,29,VP,0.0028058815297022,16
04105700,PRCP,0.0174846642043651,1,Tair,0.0057533724209926,1,SRAD,0.0050821289047969,1,VP,0.0031159239892091,28
04115265,PRCP,0.0103131903262271,1,Tair,0.0042101074458864,1,SRAD,0.0033933976516903,3,VP,0.0032112398105969,16
04122200,PRCP,0.0092374465583576,1,Tair,0.0030814143956685,29,SRAD,0.0029369110165233,1,VP,0.0028361226110114,28
04122500,PRCP,0.0049112692116434,2,Tair,0.0036173771843212,29,VP,0.0035615060222244,29,SRAD,0.0021335453772274,5
04124000,PRCP,0.0121019349704576,1,Tair,0.0076719587676862,1,VP,0.005182093713841,6,SRAD,0.0038901525106807,1
04127918,PRCP,0.0098422867243361,1,Tair,0.0058300135802779,1,SRAD,0.0045072983105844,2,VP,0.0043055047984608,1
04127997,PRCP,0.0115145281683227,1,Tair,0.0111852058179285,1,SRAD,0.0077250545776478,2,VP,0.0060855523719958,15
04161580,PRCP,0.0068530179644841,1,Tair,0.0050968847020347,23,VP,0.0048083699678749,24,SRAD,0.0024791235366659,2
04185000,PRCP,0.0124653052962603,1,Tair,0.0041764785311763,2,SRAD,0.0039590401623488,1,VP,0.0037838193361808,18
04196800,PRCP,0.0158370068833055,1,SRAD,0.0050414769788427,1,Tair,0.0044561572823596,24,VP,0.0038850889890011,27
04197100,PRCP,0.0099689895106914,1,Tair,0.0053047684179155,24,SRAD,0.005023516554248,1,VP,0.0046262882859879,23
04197170,Tair,0.0055850165840774,24,VP,0.0051090293794271,18,PRCP,0.0046940602998866,1,SRAD,0.0040645520931445,18
04213000,PRCP,0.0110350849574839,1,Tair,0.0044028265999016,9,SRAD,0.0042270253474551,1,VP,0.0039563301823019,5
04213075,VP,0.0023157322029095,29,Tair,0.0021528320687417,27,PRCP,0.0018852931424687,1,SRAD,0.0016845465382436,10
04216418,Tair,0.0060678998228309,28,VP,0.0048200230932775,24,SRAD,0.0031318153359229,30,PRCP,0.0027446647186151,1
04221000,Tair,0.0031325505643642,15,VP,0.0026301872987701,17,SRAD,0.0022804853856295,1,PRCP,0.0021185634598193,1
04224775,Tair,0.0029123385412467,19,VP,0.0026017004170029,27,SRAD,0.0024372348903212,4,PRCP,0.0017640210591212,1
04233000,Tair,0.002142494827949,12,VP,0.0016518539809262,30,SRAD,0.0015633340591261,9,PRCP,0.0012158940126954,1
04256000,PRCP,0.0069694417647351,1,Tair,0.0056199111036261,1,VP,0.0046137582189046,1,SRAD,0.0027778887487442,3
04296000,Tair,0.0071314250411242,1,VP,0.0058210159447854,1,SRAD,0.0046658378669036,2,PRCP,0.0034331310183164,1
05056000,Tair,0.00212742655268,6,SRAD,0.0020207674432632,27,VP,0.0012255626940067,1,PRCP,0.0009245724018405,1
05057000,SRAD,0.0020875767307066,2,Tair,0.001964654874262,14,VP,0.0014300646020663,24,PRCP,0.0014060975843327,8
05057200,SRAD,0.0023045289606979,13,Tair,0.0021081012514152,30,VP,0.0015972044215524,19,PRCP,0.0013933778327329,1
05062500,SRAD,0.0023493768098863,7,Tair,0.0022872885748504,23,VP,0.0020628998096085,11,PRCP,0.0018463059183915,1
05087500,PRCP,0.0035561941651218,2,SRAD,0.0026083807865925,16,Tair,0.0021337656808008,2,VP,0.0015276883683619,2
05120500,SRAD,0.0019189924693879,2,Tair,0.0015088701735589,15,PRCP,0.0010365775223744,22,VP,0.0008792529324815,3
05123400,SRAD,0.0026738324495035,25,Tair,0.0020921545472676,19,PRCP,0.0018138204696091,2,VP,0.0014467941610338,2
05129115,PRCP,0.0046521672447129,1,Tair,0.0042974273333555,1,SRAD,0.0036323134947956,16,VP,0.0028352656730945,16
05131500,PRCP,0.0089439282132789,1,Tair,0.0041123947473159,2,SRAD,0.0037831553352547,21,VP,0.002376149845959,1
05291000,PRCP,0.0059368737251274,1,SRAD,0.0034958046789174,18,Tair,0.0024421333871994,25,VP,0.0019040781285632,2
05362000,PRCP,0.0120819935055548,1,VP,0.0039076710249418,1,Tair,0.0038314546740777,6,SRAD,0.0037761063051606,3
05393500,PRCP,0.0079138877401053,1,SRAD,0.0041997527982567,15,Tair,0.0037539935747141,5,VP,0.0030375758414124,4
05399500,PRCP,0.0035849813133802,1,Tair,0.0024730043324922,6,SRAD,0.0022493886613696,2,VP,0.0020974919924213,13
05408000,SRAD,0.0004113962880278,24,PRCP,0.0004095244628731,6,VP,0.0004021009734508,2,Tair,0.0002242175457193,13
05412500,PRCP,0.0032310779373286,1,SRAD,0.0022702987020571,9,VP,0.002146919772081,1,Tair,0.0012744883399448,1
05413500,Tair,0.0017173315657293,10,SRAD,0.0016711947275055,12,PRCP,0.0016054653197082,1,VP,0.0015537109968341,10
05414000,SRAD,0.0020819849303285,18,VP,0.0015061678462787,19,Tair,0.0013093997824198,19,PRCP,0.0012046705432159,3
05444000,Tair,0.0037260605757012,30,PRCP,0.0032221124692173,1,SRAD,0.002819992331917,20,VP,0.0025107158572638,15
05454000,VP,0.0027486577151083,4,SRAD,0.0021777572155506,21,Tair,0.0021676559997621,21,PRCP,0.0020728655487345,1
05458000,PRCP,0.0036003654796995,1,SRAD,0.0014238078664188,12,VP,0.0011464078396974,2,Tair,0.0010530962858012,4
05466500,PRCP,0.011621480563115,1,SRAD,0.00540836131637,1,Tair,0.0026690366851732,22,VP,0.0025683583368981,4
05487980,PRCP,0.0043496357719306,1,VP,0.0025042910948096,2,Tair,0.0023686174830499,2,SRAD,0.0022512805264147,19
05488200,PRCP,0.0035884011316129,1,VP,0.0024448638033795,1,SRAD,0.0017724004076342,21,Tair,0.0015814688802651,1
05489000,PRCP,0.003271568947423,1,VP,0.0023087738696319,1,Tair,0.0015716604032164,6,SRAD,0.0015203972345517,22
05495000,PRCP,0.010947914345053,1,SRAD,0.0030269150679544,1,VP,0.0020367536961277,1,Tair,0.0018648113506439,1
05495500,PRCP,0.0046170969713372,1,SRAD,0.0023161342421045,3,VP,0.0018811039266974,26,Tair,0.0018600733211038,26
05501000,PRCP,0.0053606432994029,1,SRAD,0.0029180371624325,1,Tair,0.0026347247670292,23,VP,0.0026285809875641,1
05503800,PRCP,0.0044972449123789,1,Tair,0.002066900874285,22,SRAD,0.0019987591707593,17,VP,0.0018380338553461,1
05507600,PRCP,0.0021119804028483,1,VP,0.0020555665303448,4,SRAD,0.0018685280337716,26,Tair,0.0017975892028668,2
05508805,PRCP,0.0037755078703508,1,SRAD,0.00268187185084,1,VP,0.0024451671825014,15,Tair,0.0022199629122736,20
05514500,PRCP,0.0110095446717887,1,SRAD,0.0035076820112203,1,VP,0.0022929895879357,1,Tair,0.0020244566789192,29
05525500,PRCP,0.0140275266674936,1,SRAD,0.0036498302605539,1,Tair,0.0023694146757354,1,VP,0.0021097999418095,1
05556500,PRCP,0.003324721744075,1,Tair,0.0016783834556053,8,SRAD,0.0014707459066013,19,VP,0.0009494774297888,1
05584500,PRCP,0.0090070535159108,1,SRAD,0.002697113873102,1,VP,0.0023780733976497,10,Tair,0.0021370182592155,27
05585000,PRCP,0.0064160667465219,1,SRAD,0.0026728258815618,1,Tair,0.0018921193986404,21,VP,0.0017582909504919,4
05591550,PRCP,0.0070853719485126,1,VP,0.003293531956177,18,SRAD,0.003184351325696,1,Tair,0.0030601838184385,14
05592050,PRCP,0.004243866887806,1,SRAD,0.0033872031499836,1,Tair,0.002567955493938,29,VP,0.0022845798057863,24
05592575,Tair,0.0030975069710098,26,PRCP,0.0028975001499558,1,VP,0.0028360191230077,26,SRAD,0.0020649113142113,22
05593575,PRCP,0.0053041300116837,1,SRAD,0.0033658749096034,1,Tair,0.0026536833422286,28,VP,0.0025124068340722,1
05593900,PRCP,0.0037070810820898,1,SRAD,0.0033566674825086,1,Tair,0.0029732454204771,22,VP,0.0028073597166283,26
05595730,PRCP,0.0034618676154188,1,SRAD,0.0030557781053631,20,VP,0.0028578314834378,22,Tair,0.002662962288108,27
06037500,SRAD,0.0090519967098302,2,Tair,0.0061138915150709,1,VP,0.0044770409427005,4,PRCP,0.0040740155450127,2
06043500,SRAD,0.0095791703616276,2,Tair,0.0064828390014419,4,VP,0.0057496667625291,1,PRCP,0.0027821208812092,2
06154410,PRCP,0.002994124763462,1,SRAD,0.0029125216294731,30,VP,0.0017589342566154,21,Tair,0.0015118326607579,8
06188000,SRAD,0.0136642576066178,1,Tair,0.0096481625346331,1,VP,0.005692068968883,1,PRCP,0.0027427955260539,7
06191500,SRAD,0.0101045489752737,1,Tair,0.0076889909180355,1,VP,0.0045955814834631,3,PRCP,0.0019018072394104,8
06221400,Tair,0.0212475803900994,1,VP,0.0183306754111691,1,SRAD,0.0173669991509906,2,PRCP,0.0052429277510559,2
06224000,SRAD,0.0119248513326044,3,Tair,0.0088366558820049,2,VP,0.0087779788472569,1,PRCP,0.0029589319907,3
06278300,SRAD,0.0117409544735088,1,Tair,0.00704922143417,1,VP,0.006100438351203,1,PRCP,0.0028318763556464,26
06280300,SRAD,0.01489514329326,1,Tair,0.0075768005513507,4,VP,0.0050190721808845,3,PRCP,0.0027163261592267,1
06289000,SRAD,0.0055758166423256,1,Tair,0.0032237292840866,1,VP,0.002973592132169,1,PRCP,0.0026583309205507,1
06291500,SRAD,0.0052108510002427,1,VP,0.0048279459867841,1,Tair,0.0037374820491,23,PRCP,0.0034500104082143,1
06311000,SRAD,0.0053404648836864,1,Tair,0.0041595005668332,1,VP,0.0037682324515275,1,PRCP,0.0029283074431762,1
06332515,SRAD,0.0027548363131015,8,Tair,0.0024454541114216,26,PRCP,0.0022094115934522,1,VP,0.001739073397892,19
06339100,PRCP,0.0024345263135014,1,Tair,0.0014852800663262,14,SRAD,0.0014009391242022,15,VP,0.0007024100115197,1
06339500,SRAD,0.0015698831519136,14,Tair,0.0013854697017721,3,PRCP,0.0013044519382825,1,VP,0.001019657215672,25
06344600,PRCP,0.00208721726061,1,SRAD,0.0018959267560288,15,Tair,0.0016168953476854,29,VP,0.001002830261409,30
06350000,Tair,0.0024402851499238,17,SRAD,0.0022104798204882,7,PRCP,0.0018023110704047,1,VP,0.0016620846412729,2
06352000,SRAD,0.0022856881514157,12,Tair,0.002036370817162,23,PRCP,0.0014704230428399,14,VP,0.0010572235492271,2
06353000,Tair,0.0025183603079782,23,SRAD,0.0021375215130272,1,PRCP,0.0012027411884791,21,VP,0.0009771593232095,3
06354000,Tair,0.0024876318553526,23,SRAD,0.0021691069656172,2,VP,0.001357365860138,3,PRCP,0.0010659019816101,2
06360500,PRCP,0.0036198177767406,1,SRAD,0.002915770347364,11,Tair,0.0025015880677266,11,VP,0.001637984122896,9
06404000,PRCP,0.0025404390894925,1,SRAD,0.0018720757743343,20,Tair,0.0016790981730126,2,VP,0.0016688091603442,2
06406000,PRCP,0.0051376656362163,1,SRAD,0.0024719906316178,27,Tair,0.0024298718170317,3,VP,0.0020601920132485,9
06408700,SRAD,0.0030582535446546,1,Tair,0.0023832575280224,20,PRCP,0.0020289758342986,18,VP,0.0019654506058537,9
06409000,SRAD,0.0051844916208899,21,Tair,0.0028457691920687,6,PRCP,0.0023892575627429,1,VP,0.0019723402686579,8
06431500,PRCP,0.0038360284380173,1,SRAD,0.0028227899889034,24,Tair,0.0020387481152039,24,VP,0.0018628993019253,14
06440200,PRCP,0.0059394045242873,1,SRAD,0.0025930700531638,18,Tair,0.0024586274786219,23,VP,0.0017975532465465,4
06441500,PRCP,0.0054462488234642,1,SRAD,0.0033818025987049,23,Tair,0.0032318716332827,17,VP,0.0027960314056275,4
06447000,PRCP,0.0145733128134769,1,SRAD,0.0036486316645965,1,VP,0.0032281430959174,1,Tair,0.002674505390911,7
06447500,SRAD,0.0018992080629276,16,Tair,0.0018546208231795,25,VP,0.001762149155606,29,PRCP,0.0014058795616604,9
06450500,PRCP,0.0025293821126157,1,SRAD,0.0017570675477722,15,VP,0.0011172198457386,10,Tair,0.001024455731789,24
06452000,PRCP,0.0065892653901337,2,SRAD,0.003967908005817,19,Tair,0.0030979219387124,29,VP,0.0026197024856632,3
06453600,PRCP,0.0041425411413923,1,SRAD,0.0026741854214112,27,Tair,0.0025226712873257,22,VP,0.0024462122927712,19
06464500,PRCP,0.0069945654151566,1,SRAD,0.0035262479621102,13,Tair,0.0031701932501839,30,VP,0.002134748352449,30
06468170,Tair,0.0017972744668483,16,SRAD,0.0017620505562099,20,PRCP,0.0011266418498884,3,VP,0.000956514841511,23
06468250,SRAD,0.0022093313336688,25,Tair,0.0019092964128976,6,PRCP,0.0013621063609541,3,VP,0.0012039743034239,25
06470800,SRAD,0.0019231730305916,22,Tair,0.0017821352630137,16,PRCP,0.0014825901727385,15,VP,0.0012287640028453,6
06477500,PRCP,0.0064932687768506,1,SRAD,0.0021634561943224,19,VP,0.0020823760282171,20,Tair,0.0020514514333483,5
06479215,SRAD,0.0022708974650371,19,Tair,0.0017200948712538,3,PRCP,0.0016149984555723,2,VP,0.001039256570134,27
06479438,SRAD,0.0020619393910964,17,Tair,0.0020129845701977,2,PRCP,0.0017221266308111,1,VP,0.001095760438401,1
06601000,SRAD,0.0019419532772651,9,PRCP,0.0017326651553428,1,VP,0.0014099225279148,1,Tair,0.0012731357899318,26
06614800,SRAD,0.0058618402170068,1,Tair,0.0045513736807604,20,VP,0.0042857223709577,8,PRCP,0.0018541106890894,2
06622700,SRAD,0.0080904376851752,1,Tair,0.0063301186009686,4,VP,0.0057562686640332,1,PRCP,0.0020222332032983,16
06623800,SRAD,0.0064036569499661,1,Tair,0.0054914025481339,4,VP,0.0045614158674423,1,PRCP,0.0025485770666581,1
06632400,SRAD,0.0069383098453942,1,VP,0.0055682683704813,1,Tair,0.005450683314454,6,PRCP,0.0015211045475549,17
06746095,SRAD,0.0062995134774889,2,VP,0.0050867541986001,1,Tair,0.0048750113577323,5,PRCP,0.0021815683338644,2
06784000,PRCP,0.0031002701718995,1,VP,0.0023877901145528,1,SRAD,0.0022716416551657,30,Tair,0.0022438128082914,10
06803510,VP,0.0013176781569422,2,SRAD,0.0010328770851013,15,Tair,0.0010245095717711,15,PRCP,0.0007397154528409,18
06803530,VP,0.0015099268924958,5,Tair,0.0012206214578086,5,SRAD,0.0009273725104096,29,PRCP,0.0008489683835236,1
06814000,VP,0.0036923419385041,4,SRAD,0.0035006468083681,16,PRCP,0.0034845717592381,1,Tair,0.0032594388692552,1
06847900,SRAD,0.001081639112258,28,PRCP,0.0009164889997786,21,Tair,0.0008912403230681,21,VP,0.0007902231784966,1
06853800,PRCP,0.0039419375192239,1,VP,0.0027301523740587,2,SRAD,0.0026039810372007,25,Tair,0.0020037205774613,9
06876700,PRCP,0.0041014039908289,1,SRAD,0.0021863575542596,29,VP,0.0018097375352732,13,Tair,0.001531374429349,15
06878000,PRCP,0.0101155513437387,1,VP,0.0034675508147418,1,SRAD,0.0031805711109263,1,Tair,0.0023236764178606,2
06879650,SRAD,0.0018437890571432,28,VP,0.0017019405085669,3,PRCP,0.0014752406835498,4,Tair,0.0013805948469524,5
06885500,PRCP,0.0050992858964869,1,VP,0.004353265380009,1,SRAD,0.0031929881393895,17,Tair,0.0031141279388788,29
06888500,VP,0.00286855968606,1,SRAD,0.0026451052357086,22,PRCP,0.0018853751499001,4,Tair,0.0018735695097509,1
06889200,PRCP,0.0017314892361707,1,VP,0.0008933800741981,1,SRAD,0.0008518201255038,20,Tair,0.000805335941731,5
06889500,PRCP,0.0029060764426838,1,SRAD,0.001797798803175,30,VP,0.0016670514631563,7,Tair,0.0014752107530658,14
06892000,PRCP,0.0075210735005035,1,VP,0.0027200942179313,1,SRAD,0.0023297343959034,27,Tair,0.0019041444195,30
06903400,PRCP,0.0010868004700207,1,SRAD,0.0009210611051719,20,VP,0.0007095995468624,22,Tair,0.000572806033331,10
06906800,PRCP,0.0083259254879896,1,SRAD,0.0040443612556499,1,VP,0.0024961831535582,1,Tair,0.0019250506085653,24
06910800,Tair,0.0013714589903241,7,VP,0.001196754123907,2,PRCP,0.0010209983513508,1,SRAD,0.0009960027748585,16
06911900,VP,0.0015096812605359,1,SRAD,0.0013752164734414,26,Tair,0.0012642358714831,14,PRCP,0.001241546410917,1
06917000,PRCP,0.0025450403785174,1,SRAD,0.0012922119759177,1,VP,0.0011236784591506,1,Tair,0.0010023619689003,11
06918460,PRCP,0.0027618259973269,1,SRAD,0.0013011048210154,1,VP,0.0012089799800987,3,Tair,0.001148206950661,12
06919500,PRCP,0.0118021504952574,1,VP,0.0035251332057892,1,SRAD,0.0033990960118427,1,Tair,0.0032017359584852,21
06921070,PRCP,0.0026555164417872,1,SRAD,0.0021941135580789,1,Tair,0.0020607189183913,12,VP,0.0019580100080043,1
06921200,PRCP,0.0029599571199658,1,SRAD,0.0026017017958225,3,VP,0.0025656911335176,3,Tair,0.0022340227249838,27
06934000,PRCP,0.0089296964657133,2,SRAD,0.0035518533922275,1,VP,0.002806657748869,10,Tair,0.0025638923352119,10
07014500,PRCP,0.0159305933340948,1,SRAD,0.0037198970374535,1,VP,0.0029825871729971,29,Tair,0.0026791729012004,1
07056000,PRCP,0.0033221911143624,1,SRAD,0.0019802347802334,1,Tair,0.0015825313593728,20,VP,0.0013280794073253,16
07057500,PRCP,0.0037024834242371,1,SRAD,0.0022073026891754,1,Tair,0.0018076931838223,21,VP,0.0016029471865744,15
07060710,PRCP,0.0010515887155643,1,SRAD,0.0009622298854899,1,Tair,0.0009166683981444,9,VP,0.0007727167459177,24
07066000,PRCP,0.0061436885104514,1,Tair,0.0028377363114343,21,SRAD,0.0024787941626107,1,VP,0.0024688299139561,20
07067000,PRCP,0.0084819740558945,1,SRAD,0.00458144495775,1,Tair,0.002971245208591,21,VP,0.0028651431841293,1
07068000,PRCP,0.0130793938558919,1,SRAD,0.0044002420730027,1,Tair,0.0029936193822285,21,VP,0.0029922432747422,7
07071500,PRCP,0.0042953840217137,1,SRAD,0.0025871100425341,1,Tair,0.0021887468792121,17,VP,0.0020715271879402,10
07083000,SRAD,0.0093988494404207,1,Tair,0.0063075808705338,1,VP,0.0057978523059171,1,PRCP,0.002493186479524,1
07142300,PRCP,0.0017431795307874,3,SRAD,0.0011482364143485,12,VP,0.0010250910327372,8,Tair,0.0007061986199773,20
07145700,PRCP,0.0081627784257984,1,VP,0.0021101523839257,1,SRAD,0.0020234913004766,1,Tair,0.0016298949125915,1
07148400,PRCP,0.0082293120467625,1,VP,0.0032823858310227,1,Tair,0.0027360300895594,3,SRAD,0.0024417961750458,21
07149000,PRCP,0.0093569970127242,1,VP,0.0028710437738883,6,SRAD,0.0024978260041633,16,Tair,0.0020158641603365,8
07151500,PRCP,0.0048575834083942,1,VP,0.0019497224069288,1,SRAD,0.001924670799157,29,Tair,0.0015206279138529,16
07167500,SRAD,0.001566197497006,24,VP,0.0014483728699945,18,Tair,0.0011907629971295,28,PRCP,0.0011573296787972,1
07180500,VP,0.0020113135469456,7,PRCP,0.0019624549571363,1,SRAD,0.0016965536350026,20,Tair,0.0016407545245396,3
07184000,PRCP,0.0043007485105955,1,SRAD,0.001700917629384,1,VP,0.001224315034707,15,Tair,0.00096698612305,17
07195800,SRAD,0.0018104407565251,25,PRCP,0.001641465271156,1,VP,0.0016328416850011,11,Tair,0.0016142081307937,21
07196900,SRAD,0.0025345634074449,26,VP,0.0020998865544391,7,Tair,0.0020035906078287,11,PRCP,0.0014673739128894,14
07197000,PRCP,0.0032591632985488,1,VP,0.0016294484744891,7,Tair,0.0015733637242768,10,SRAD,0.0014914286977307,8
07208500,SRAD,0.003827804158582,13,PRCP,0.0028861562445528,1,Tair,0.0027298863676853,24,VP,0.0023582910148961,9
07226500,PRCP,0.0034040432564001,1,VP,0.0021296733255125,2,Tair,0.0014849196499204,2,SRAD,0.001083198504778,5
07261000,SRAD,0.0052136538258237,1,Tair,0.0038483544182695,23,PRCP,0.0035471203270687,1,VP,0.0033735836773735,17
07263295,SRAD,0.003360315330156,1,PRCP,0.0029138882533655,1,Tair,0.0023830527752152,16,VP,0.0023695987617419,17
07290650,PRCP,0.006689365235825,1,SRAD,0.0040156461261472,1,VP,0.0034439145934708,12,Tair,0.0034167890187268,9
07291000,SRAD,0.0030193768581024,1,Tair,0.0025913408432967,26,VP,0.0025347999269916,26,PRCP,0.0023768487177709,1
07292500,SRAD,0.0046380153312349,1,PRCP,0.0042111183859115,1,Tair,0.0039879517065173,26,VP,0.0033396135692993,26
07295000,Tair,0.0037650715051036,26,VP,0.003666031545106,18,SRAD,0.0031286907787976,24,PRCP,0.0021605134902078,1
07299670,PRCP,0.004685279649757,1,VP,0.0015473107633632,6,SRAD,0.0013049547033608,1,Tair,0.0011024473844573,5
07301410,PRCP,0.0036290811120075,1,SRAD,0.0017988913549926,27,Tair,0.0017838546285608,22,VP,0.0017376539850746,3
07301500,PRCP,0.002693138491429,1,VP,0.0015925078194482,6,SRAD,0.0014556646971527,2,Tair,0.001300809415281,6
07315200,PRCP,0.0031208706703465,1,VP,0.0011976011370903,1,SRAD,0.0011088749560767,1,Tair,0.0008098571041664,30
07315700,PRCP,0.0062355712643629,1,SRAD,0.0023558232415003,1,VP,0.001673298694081,4,Tair,0.0011625143375266,2
07335700,SRAD,0.0052675086517818,1,Tair,0.0027284706313131,11,VP,0.0026923134962746,1,PRCP,0.002332690165346,1
07340300,SRAD,0.005577297046144,1,PRCP,0.003754660483305,1,Tair,0.0035476989262007,23,VP,0.0030493451592434,12
07346045,PRCP,0.0061011876258187,3,SRAD,0.0036541427487921,3,Tair,0.0022951112564842,11,VP,0.0021987568973048,8
07359610,SRAD,0.002541162476013,1,PRCP,0.0022059151295457,1,Tair,0.0016928149077006,5,VP,0.0015325818722007,14
07362100,PRCP,0.0069234894363976,1,SRAD,0.0031140936992611,1,VP,0.002134173443187,1,Tair,0.0019039605171563,2
07362587,SRAD,0.0025462887235536,1,Tair,0.0016198085570408,20,VP,0.0015345528728406,30,PRCP,0.0014516069162935,1
07373000,PRCP,0.0031844102034371,1,SRAD,0.0029080741481585,1,Tair,0.0014854386486357,23,VP,0.0013771327036615,20
07375000,PRCP,0.005885135495193,1,SRAD,0.0029157855693692,1,VP,0.0016943910274963,29,Tair,0.0011632212217352,27
07376000,PRCP,0.0104637329094506,2,SRAD,0.0048162050199234,2,VP,0.0022139361543663,27,Tair,0.0021042931282189,28
08013000,PRCP,0.0074577071591075,3,SRAD,0.0040132141126315,1,Tair,0.0025759181766124,13,VP,0.0024874535254663,21
08014500,PRCP,0.0076927351506943,2,SRAD,0.0035771577658404,2,VP,0.0033913599250988,2,Tair,0.0029467757650194,2
08023080,PRCP,0.0154034630137905,1,SRAD,0.0064441762975122,1,Tair,0.0040053385844551,19,VP,0.0035452313281356,27
08025500,PRCP,0.0061789592238498,1,SRAD,0.0029656550918202,1,VP,0.0025193718026015,18,Tair,0.0023718243298487,26
08029500,SRAD,0.0011159761224727,1,PRCP,0.0008815926792258,1,Tair,0.0006884232223559,22,VP,0.0006845893474274,6
08050800,VP,0.0015602112955436,1,Tair,0.0014313139263654,7,PRCP,0.0013565128606663,18,SRAD,0.0013450043726559,27
08066200,PRCP,0.0016274394097959,1,SRAD,0.0014563437940558,2,VP,0.0012746228472182,16,Tair,0.0008381990490451,17
08066300,PRCP,0.0047527456317287,1,SRAD,0.0029959916107339,1,VP,0.0019432892970183,1,Tair,0.0016136105423949,1
08070000,PRCP,0.0023227304338161,1,SRAD,0.001328296631661,1,VP,0.0009619585188249,25,Tair,0.0007289313356536,18
08070200,PRCP,0.0023867865833628,1,SRAD,0.0011662909141178,2,Tair,0.0009840758415554,30,VP,0.0008811990633172,18
08079600,PRCP,0.0013482173233153,1,VP,0.0012134410134265,9,SRAD,0.0010901258083256,1,Tair,0.0010090543445169,23
08082700,PRCP,0.0010704022113527,1,VP,0.0005433293475912,28,SRAD,0.0003507557267865,7,Tair,0.0003022782137193,26
08086212,PRCP,0.002426885561836,1,SRAD,0.0014532732760948,1,VP,0.0014127507120508,27,Tair,0.0010994092095928,18
08086290,PRCP,0.0012573771606799,1,VP,0.0006430325253028,16,SRAD,0.0005741630489968,1,Tair,0.000477339052282,19
08101000,SRAD,0.0018867041459323,1,PRCP,0.0016623091590349,1,VP,0.0012915771095769,9,Tair,0.0012392736794474,1
08103900,VP,0.002183670133452,11,PRCP,0.0019633203037282,1,SRAD,0.0017749893915887,8,Tair,0.0014076123440033,28
08104900,SRAD,0.0014374383901196,1,PRCP,0.001348938315893,1,VP,0.0005364304535171,22,Tair,0.0004787978913728,17
08109700,PRCP,0.0070785625810635,1,SRAD,0.0032056580225391,1,Tair,0.0017810159150464,18,VP,0.0016100225967243,1
08150800,PRCP,0.0012892947550577,1,SRAD,0.0010957784588363,13,VP,0.0008859763752207,9,Tair,0.0008515083044551,6
08155200,PRCP,0.0029440883818391,1,SRAD,0.0026947768648042,1,VP,0.0020838162457482,4,Tair,0.0017865156167066,3
08158700,PRCP,0.0032848825257227,2,SRAD,0.0031082022115468,1,VP,0.0028701212993997,1,Tair,0.0020637347751162,30
08158810,SRAD,0.0014267941835813,1,PRCP,0.0014042560258959,1,VP,0.0012418144100101,29,Tair,0.0009215483354875,19
08164000,PRCP,0.0032594153344511,1,SRAD,0.0011211005507762,1,VP,0.0009577514802729,14,Tair,0.0007083802442463,30
08164300,PRCP,0.0053532567083223,1,SRAD,0.0024392304786298,1,VP,0.0018571802596571,28,Tair,0.0013269589814111,1
08164600,PRCP,0.0085061485016185,1,SRAD,0.0029024121537219,1,VP,0.0022526876270782,22,Tair,0.0014208330809971,2
08165300,VP,0.0012965945138919,15,SRAD,0.0011239571038565,1,Tair,0.0007392935387412,7,PRCP,0.000605145363769,20
08171300,PRCP,0.0021953851558067,2,SRAD,0.0020162452999692,1,VP,0.0015271511857576,30,Tair,0.0011584463143711,20
08175000,PRCP,0.0046159234218963,1,VP,0.0012618737819187,26,SRAD,0.0010866619546274,1,Tair,0.0006836132273583,26
08176900,PRCP,0.0048270518193669,1,SRAD,0.0022998321372636,1,VP,0.0015610778165038,27,Tair,0.0009088895645733,2
08178880,PRCP,0.0012714158680028,1,VP,0.0004829541585104,23,SRAD,0.0004712381700996,9,Tair,0.0002274193972118,2
08189500,PRCP,0.0074670138196852,1,SRAD,0.0023088348889549,1,VP,0.0014720082063607,28,Tair,0.0010521732359632,2
08190000,PRCP,0.0015579385825362,2,SRAD,0.0013952193147601,4,VP,0.0013456004964474,10,Tair,0.0007912990399815,22
08190500,PRCP,0.0012128103581924,1,SRAD,0.0010673408159755,1,VP,0.0008926343998801,1,Tair,0.0005867426225827,22
08194200,PRCP,0.0044098866757254,2,VP,0.0019188379803413,8,SRAD,0.0016091147993402,1,Tair,0.0009187958219603,5
08195000,PRCP,0.0022173296157704,1,VP,0.0016167168217726,2,SRAD,0.0015660275206809,1,Tair,0.0009984767188564,22
08196000,PRCP,0.001093563191069,1,VP,0.0010237962127475,11,SRAD,0.0008626134255835,1,Tair,0.0006149597768697,16
08198500,PRCP,0.0014173633789212,1,SRAD,0.0010776893204296,1,VP,0.0009940697824762,9,Tair,0.0006107617369797,3
08200000,PRCP,0.0005684979121687,1,VP,0.0005511659820264,13,SRAD,0.0004226587072755,25,Tair,0.0003818890261064,3
08202700,VP,0.0012386044419936,18,PRCP,0.0012279750527111,1,SRAD,0.001115888194007,1,Tair,0.0006897196663278,13
08267500,SRAD,0.0064755710072102,2,Tair,0.0043336770218272,1,VP,0.0024978829346919,6,PRCP,0.001432033391055,21
08269000,SRAD,0.006339797613819,2,Tair,0.0036388587250108,5,VP,0.0025263234656303,1,PRCP,0.0013342920963632,25
08271000,SRAD,0.007636091449166,1,Tair,0.0057196647258071,1,VP,0.0026798400071293,4,PRCP,0.0017456846352033,20
08324000,SRAD,0.0047586475884892,2,Tair,0.0036310816405056,1,PRCP,0.0025157129049405,1,VP,0.0021360967156295,5
08377900,Tair,0.0038405275390809,1,SRAD,0.0034761924469417,2,PRCP,0.0026837191479091,1,VP,0.0023486139699556,11
08378500,SRAD,0.0043016319076795,19,Tair,0.0032390086663937,1,VP,0.0031908242494996,10,PRCP,0.0029280613323272,1
08380500,PRCP,0.0034211245311727,1,VP,0.001961179174631,4,SRAD,0.0013645945224866,2,Tair,0.0013508495417781,6
09034900,SRAD,0.0062579338524177,1,VP,0.0048126049160803,1,Tair,0.0046062792477746,4,PRCP,0.0015006075798663,1
09035800,SRAD,0.0053438814622648,1,Tair,0.0046737520238789,10,VP,0.0045591905105566,1,PRCP,0.0013098573835563,20
09035900,SRAD,0.0058140747389688,1,Tair,0.0051053855415068,4,VP,0.004441548195175,5,PRCP,0.0021767953516866,24
09047700,SRAD,0.0030379342954982,1,Tair,0.0026221148224488,9,VP,0.0023912839493505,8,PRCP,0.0012016396111164,24
09065500,SRAD,0.0090053470097559,1,VP,0.0074129644719159,1,Tair,0.0067257713885314,1,PRCP,0.0022451075624185,1
09066000,SRAD,0.0060974867613065,2,Tair,0.0053417971072093,4,VP,0.0043642998085525,1,PRCP,0.0019576291350851,1
09066200,SRAD,0.0089685482624444,1,VP,0.0083909093107437,1,Tair,0.0072685665962018,4,PRCP,0.003123754136889,1
09066300,SRAD,0.0043403842123085,1,Tair,0.0036968237623582,5,VP,0.0033244090305369,2,PRCP,0.0013459413480289,22
09081600,SRAD,0.0126379228040039,1,Tair,0.0056780931779983,1,VP,0.0054500524118886,1,PRCP,0.0038043787190507,1
09107000,SRAD,0.0098157185381942,1,Tair,0.0067204495349584,3,VP,0.0040861201320879,2,PRCP,0.0027456697266179,1
09210500,SRAD,0.0076033686518843,2,Tair,0.0070794654320767,1,VP,0.0025888660756803,7,PRCP,0.002231912126132,1
09223000,SRAD,0.0057235996614217,2,Tair,0.0038805451389971,1,VP,0.0029201655368437,1,PRCP,0.0017545595234487,28
09306242,SRAD,0.0013096879624424,14,VP,0.0010733528309351,23,Tair,0.0010349818793172,13,PRCP,0.0010254960295712,18
09312600,SRAD,0.0027342157526792,9,Tair,0.0022740114874825,6,VP,0.0017372450966018,4,PRCP,0.0012357863972984,28
09352900,Tair,0.0105411783969422,1,SRAD,0.0101219132734052,1,VP,0.0081458535326389,1,PRCP,0.0049338937871141,1
09378170,SRAD,0.0057378188776607,3,PRCP,0.0025715776745703,1,Tair,0.0023044465340488,8,VP,0.0021292299353004,10
09378630,SRAD,0.004186691210676,1,Tair,0.0030584015837954,1,VP,0.0022984380899782,20,PRCP,0.0020709137992431,1
09386900,SRAD,0.0017467274175252,8,Tair,0.0016803633317469,24,PRCP,0.0009796139805978,17,VP,0.0009614702706149,1
09404450,SRAD,0.0018602557999803,2,PRCP,0.0016173865191771,1,Tair,0.0014855463972967,23,VP,0.0010636191287825,22
09430500,PRCP,0.0041649018764335,1,SRAD,0.0024655714447916,1,VP,0.0015038380728077,28,Tair,0.0009246451817502,11
09430600,PRCP,0.0026259323142548,1,SRAD,0.001868681625468,1,VP,0.0012184952192416,3,Tair,0.0010481235506459,24
09447800,PRCP,0.0014500075741663,1,SRAD,0.0009153523854177,1,Tair,0.000545742012666,27,VP,0.0003923690004127,21
09480000,PRCP,0.0031540515842367,1,SRAD,0.001841220762602,1,VP,0.0017396881857291,6,Tair,0.0011239734224361,28
09484000,PRCP,0.0030371045609284,1,SRAD,0.0029537437400153,23,Tair,0.002868724218302,29,VP,0.0018759403426746,28
09484600,PRCP,0.0070815879950279,1,VP,0.0057054225247932,5,Tair,0.005262172684117,26,SRAD,0.0035978852781289,21
09492400,SRAD,0.0024538536295767,2,PRCP,0.0018903237000155,1,VP,0.0018521885482379,1,Tair,0.0015617366104354,10
09494000,SRAD,0.0038984557772076,1,PRCP,0.003580862070357,1,Tair,0.0025845718483643,21,VP,0.0022746375328724,1
09497800,PRCP,0.004633352475106,1,SRAD,0.0029274908861631,1,Tair,0.0020941411025115,30,VP,0.0014036055981024,29
09497980,PRCP,0.0042380399957409,1,SRAD,0.0034704109013796,1,Tair,0.0018565231488181,6,VP,0.0012407002282499,3
09505200,PRCP,0.0029908535826174,1,SRAD,0.002208952611394,1,Tair,0.0017717070160291,30,VP,0.0010933883738255,30
09505350,SRAD,0.0043728033330895,1,PRCP,0.0043147553030584,1,Tair,0.0031073916044563,12,VP,0.0020975377675458,10
09505800,SRAD,0.0026383650058014,1,PRCP,0.0020362670683941,20,Tair,0.0015211002314,27,VP,0.000951002042022,26
09508300,SRAD,0.0051146284720755,1,PRCP,0.003846123963997,1,Tair,0.0022815989297968,8,VP,0.0015349730554646,23
09510200,SRAD,0.0046504835166439,1,PRCP,0.0044707290301322,1,Tair,0.0028271157015378,27,VP,0.0014900429921579,25
09512280,PRCP,0.0025456044071033,1,SRAD,0.0016632421225485,1,Tair,0.0012291457593553,22,VP,0.0007098265001395,12
09513780,PRCP,0.0036744634311839,1,SRAD,0.0028038380869755,1,Tair,0.0013502710313965,5,VP,0.0006360617731908,28
10023000,SRAD,0.0036162868631149,2,VP,0.0025434994633788,28,Tair,0.0022775434155624,1,PRCP,0.0017578098841827,17
10166430,SRAD,0.0037872046512514,3,VP,0.0037628548639993,5,Tair,0.0031610917722614,5,PRCP,0.002404174294212,13
10172700,SRAD,0.0031007684273748,3,PRCP,0.0021415599505598,1,Tair,0.0019547729742717,20,VP,0.0016709682660772,3
10172800,SRAD,0.0061449778192783,3,Tair,0.004480797341755,2,VP,0.0043345407497165,1,PRCP,0.0019947156607662,17
10173450,SRAD,0.0053910436026269,1,Tair,0.00370836465512,1,VP,0.0020317900214059,3,PRCP,0.0008722464153351,30
10205030,SRAD,0.0033959665254673,26,Tair,0.0030124300076174,2,VP,0.0021798036645135,16,PRCP,0.0013750011093683,12
10234500,SRAD,0.0050449863910425,1,Tair,0.0030270091682982,16,PRCP,0.0019009601308758,1,VP,0.0017663723625789,3
10242000,SRAD,0.0037778569603757,1,Tair,0.0035919349128464,1,VP,0.0022657597528831,18,PRCP,0.0018861270390235,1
10244950,SRAD,0.0031631413761405,21,Tair,0.0022680956161163,27,VP,0.001569429723696,1,PRCP,0.0014442777419383,25
10249300,SRAD,0.0020798363063338,29,Tair,0.0017496934376064,3,PRCP,0.0011629924083247,22,VP,0.0010706682595571,2
10258000,PRCP,0.0023173893956685,1,SRAD,0.0019319329216737,1,Tair,0.0018516597818202,4,VP,0.0011668735976198,1
10258500,PRCP,0.0024494739246607,1,Tair,0.0021870080007053,4,SRAD,0.0018020039085405,1,VP,0.0015276877607829,1
10259000,PRCP,0.0037995215909481,1,SRAD,0.003531657690188,1,Tair,0.0019804106698077,3,VP,0.0013097021282519,7
10259200,PRCP,0.0036411472627221,1,SRAD,0.0025061845702632,1,Tair,0.002480309899089,4,VP,0.0014498881198074,1
10263500,PRCP,0.0042684889069879,1,SRAD,0.0024290459567728,1,Tair,0.0023933709419757,26,VP,0.0016070177770066,12
10310500,PRCP,0.0018693277862438,2,SRAD,0.0013883062075149,29,Tair,0.0012139129065126,12,VP,0.0010288802211707,24
10316500,SRAD,0.0082372901165349,1,VP,0.0074684258441604,1,Tair,0.0064393161430638,1,PRCP,0.0025147011615872,1
10329500,PRCP,0.0038704435058306,1,VP,0.0033222776712449,1,Tair,0.00317650398464,28,SRAD,0.0028789295683868,2
10336645,PRCP,0.0075363953789179,1,SRAD,0.0070467365948997,1,Tair,0.0047738940371122,1,VP,0.0043727075948695,1
10336660,PRCP,0.0043588962559603,1,SRAD,0.001961548032611,29,Tair,0.0012715731186981,24,VP,0.0009234765893563,29
10336740,SRAD,0.0062162159257052,2,PRCP,0.0041033677558506,1,Tair,0.0033288770687141,28,VP,0.0024546855096905,1
10343500,PRCP,0.0034433391598021,1,Tair,0.0017105793428183,10,SRAD,0.0016806754021422,12,VP,0.0008640789314801,11
10348850,PRCP,0.0010373447649748,11,SRAD,0.0007390184282842,20,Tair,0.0006471791229658,19,VP,0.0004327578735045,8
10396000,VP,0.00686256920049,1,PRCP,0.006012940627012,1,SRAD,0.0056561231483515,2,Tair,0.0049735940231771,1
11098000,PRCP,0.0038996457497207,1,SRAD,0.0033206781251382,1,Tair,0.0023546645716418,5,VP,0.0008934044336836,19
11124500,PRCP,0.0044216106308198,1,SRAD,0.0036677312572828,1,Tair,0.0028639751590241,28,VP,0.0022671281765472,1
11141280,PRCP,0.0066217030527135,1,SRAD,0.005690814959202,1,VP,0.0049952588159793,1,Tair,0.002969755501325,22
11143000,PRCP,0.0095103898593187,1,SRAD,0.0068272464262159,1,VP,0.0034569144798728,1,Tair,0.0030800720440806,1
11148900,PRCP,0.006797177251847,1,SRAD,0.0061899516089161,1,VP,0.0038532263635314,1,Tair,0.0021298739005509,8
11151300,PRCP,0.0023229697034423,1,SRAD,0.0012262543968289,1,VP,0.0011245731393468,1,Tair,0.0010234567613248,26
11162500,PRCP,0.0077092632727892,1,SRAD,0.0067072587467984,1,VP,0.0033061677673156,1,Tair,0.0030643932902284,30
11176400,PRCP,0.0079134620650451,1,SRAD,0.0059582732995842,1,Tair,0.0034994276893968,10,VP,0.0027460541746196,13
11180500,PRCP,0.0048502388446641,2,SRAD,0.0037218700572339,5,VP,0.0026451527453026,1,Tair,0.0025922335267829,27
11180960,PRCP,0.0063527473042999,1,SRAD,0.003724881133454,1,VP,0.0032103559400811,1,Tair,0.0030548914405002,27
11224500,PRCP,0.0010401474362065,4,VP,0.0010360281737208,1,SRAD,0.0008229620540737,5,Tair,0.0007978153513434,2
11230500,SRAD,0.0051447799011211,1,Tair,0.0037694019283152,1,VP,0.0020971302452717,5,PRCP,0.0019548781442743,1
11237500,SRAD,0.0040413286015726,1,PRCP,0.0026342163455189,1,Tair,0.002567139843235,4,VP,0.0023441067805352,1
11253310,PRCP,0.0015669235648266,1,SRAD,0.0015306387643947,1,Tair,0.0011954227407709,2,VP,0.001048409623969,1
11264500,SRAD,0.0080173928007032,2,Tair,0.0055596457261161,1,VP,0.0044562327648553,1,PRCP,0.0020589454533832,1
11266500,SRAD,0.0041862405118821,1,Tair,0.0039674079116222,1,VP,0.0038448656993807,1,PRCP,0.0025329019799631,1
11274500,PRCP,0.0050204199715904,1,SRAD,0.0040319758369831,1,Tair,0.0024549149274607,7,VP,0.0018515625882919,2
11274630,PRCP,0.0041612201696774,1,SRAD,0.0024832316952166,1,Tair,0.001946179060309,19,VP,0.0015014318072466,1
11284400,PRCP,0.0057341360419287,1,SRAD,0.0040593831724326,27,Tair,0.0038658870652461,25,VP,0.001683725957489,12
11299600,PRCP,0.0052561519298091,1,SRAD,0.0050011244263922,23,Tair,0.0033774606657648,30,VP,0.0018331607006464,4
11381500,PRCP,0.0045036401554491,1,SRAD,0.0030997058351897,2,Tair,0.0021200752516267,10,VP,0.0009514394017565,10
11383500,PRCP,0.0050170675147996,1,SRAD,0.0031866389554844,1,Tair,0.0022499547734449,23,VP,0.0009384856734571,1
11451100,PRCP,0.0065056069511373,1,SRAD,0.0045560216050512,1,Tair,0.0037487936709236,28,VP,0.0013662857684857,14
11468500,PRCP,0.009495578000947,1,SRAD,0.0059849841300155,1,Tair,0.0032607423660905,17,VP,0.0026699355420577,1
11473900,PRCP,0.009035346001548,1,SRAD,0.0054852513952535,1,Tair,0.0038422519422736,28,VP,0.0018480514866717,1
11475560,PRCP,0.0062555002589374,1,SRAD,0.0042563320895073,1,Tair,0.0025771404929363,13,VP,0.0012461608014106,3
11476600,PRCP,0.0117100760626953,1,SRAD,0.0080277538465255,1,Tair,0.0043321988851389,25,VP,0.0029532881915655,1
11478500,PRCP,0.0154508172030431,1,SRAD,0.0106779613273855,1,Tair,0.0072890248077132,8,VP,0.0041199164177309,1
11480390,PRCP,0.0136867101185726,1,SRAD,0.0085351119906681,1,Tair,0.0063789198820908,25,VP,0.0020513902697129,1
11481200,PRCP,0.0114882667831342,1,SRAD,0.0094392672472832,1,Tair,0.0037704018675806,14,VP,0.0030282670485942,28
11482500,PRCP,0.0157357409163735,1,SRAD,0.0117825841841795,1,Tair,0.0061354412193295,9,VP,0.0038460853796126,1
11522500,PRCP,0.0059263397401492,1,SRAD,0.0031988760873428,1,Tair,0.0021450385364174,15,VP,0.0012351610512025,14
11523200,PRCP,0.0053609215315547,1,SRAD,0.0039617848157813,1,VP,0.0031186748316963,1,Tair,0.002756009438511,30
11528700,PRCP,0.0090162084473696,1,SRAD,0.0047106236970228,1,Tair,0.0037708053789699,27,VP,0.0020185309454359,1
11532500,SRAD,0.0169400980544998,1,PRCP,0.0160788686859885,1,Tair,0.0080426531791259,3,VP,0.0045535307387641,1
12010000,PRCP,0.0209293907803669,1,SRAD,0.0151120442219899,1,Tair,0.006169803135278,4,VP,0.0048630877588587,9
12013500,PRCP,0.0303466033422961,1,SRAD,0.0185065578414813,1,Tair,0.0083639102155253,7,VP,0.0067645307945362,11
12020000,PRCP,0.002317261757042,1,SRAD,0.0010623440239846,11,Tair,0.0007553531845876,4,VP,0.0006186875153258,26
12025000,PRCP,0.0185659229902438,1,SRAD,0.0143401483183687,1,Tair,0.0083274821284914,8,VP,0.0053965503932328,11
12025700,PRCP,0.011809181779563,1,SRAD,0.0073888659440098,1,Tair,0.0046671748068777,7,VP,0.0029235904229199,13
12035000,PRCP,0.0274929798401789,1,SRAD,0.01151496883833,1,Tair,0.007010753967024,5,VP,0.0053083419243097,9
12040500,PRCP,0.0257634020899278,1,SRAD,0.0170838373497871,1,Tair,0.0078413670045266,4,VP,0.0063760471065633,6
12041200,PRCP,0.029015682793847,1,SRAD,0.0157353773189914,1,Tair,0.0076251255140629,4,VP,0.0055002625022225,5
12043000,PRCP,0.0237017475553887,1,SRAD,0.0140477471375549,1,Tair,0.007752130691134,4,VP,0.0052032283064701,8
12048000,PRCP,0.0162178352666615,1,SRAD,0.0071839904891255,1,Tair,0.0050111482294252,7,VP,0.0035750278081146,14
12054000,PRCP,0.0185876527533496,1,SRAD,0.0089481156705879,1,Tair,0.0054199983359631,6,VP,0.0033242894428171,18
12056500,PRCP,0.0176905814311455,1,SRAD,0.0077418950753891,1,Tair,0.004359938163876,6,VP,0.0025181647296738,4
12073500,PRCP,0.0060726190675943,1,SRAD,0.0044619453032085,2,Tair,0.0030568741301719,9,VP,0.0024092456103261,26
12082500,PRCP,0.0101308976582238,1,SRAD,0.0054581670332687,1,Tair,0.0037569202572132,1,VP,0.0029026911254748,14
12092000,PRCP,0.0095367603376649,1,SRAD,0.0045234152388085,1,Tair,0.0024680019096317,8,VP,0.0016343785272839,2
12095000,PRCP,0.0068733633224331,1,Tair,0.0032850867250488,6,SRAD,0.0028726790270449,1,VP,0.0028522589118145,6
12114500,PRCP,0.0132738587408948,1,SRAD,0.0045319900612792,1,Tair,0.0035581924500295,17,VP,0.0028093723563672,1
12115000,PRCP,0.0143035046477174,1,SRAD,0.0040584202745383,1,Tair,0.0040472800833608,6,VP,0.0030139732853946,8
12115500,PRCP,0.0124985444364951,1,SRAD,0.0056770908766559,2,Tair,0.004834039868136,15,VP,0.003744502025443,14
12117000,PRCP,0.0095211246546985,1,SRAD,0.0047203695090525,2,Tair,0.0037324461578524,7,VP,0.0026584452840179,30
12141300,PRCP,0.0224549681098937,1,SRAD,0.0071337912938966,1,Tair,0.0047531467474672,8,VP,0.0041105585265558,8
12143600,PRCP,0.0176092597341241,1,SRAD,0.0049360252150555,1,Tair,0.0036484358523151,9,VP,0.0026621223194416,26
12144000,PRCP,0.0224782421853668,1,SRAD,0.0071193887432912,1,Tair,0.0051388056657124,7,VP,0.0039761720483257,1
12145500,PRCP,0.0166354424902126,1,SRAD,0.0086121045430726,1,Tair,0.0062223725063445,8,VP,0.0049263932228673,7
12147500,PRCP,0.0113587526800378,1,SRAD,0.0069241493048061,1,Tair,0.0050366402830182,9,VP,0.0046976714604264,9
12147600,PRCP,0.0115059525620811,1,SRAD,0.0078147227385243,1,Tair,0.0055474859665194,1,VP,0.0038340177071417,6
12167000,PRCP,0.0165611602430221,1,SRAD,0.011210139337953,1,Tair,0.0069478631175012,1,VP,0.0057422346344732,7
12175500,SRAD,0.0085992040826255,2,VP,0.0081709803447336,1,Tair,0.0080216907034463,1,PRCP,0.0077463949957889,1
12178100,PRCP,0.0044653989911389,1,SRAD,0.0022654508883989,2,VP,0.0013618149237719,1,Tair,0.0013262167516967,7
12186000,PRCP,0.0050339733480851,1,SRAD,0.0019300307358597,1,Tair,0.001789174579328,19,VP,0.001489550098078,12
12189500,PRCP,0.0165288458818064,1,SRAD,0.0055489291827095,2,Tair,0.0036200066519761,7,VP,0.0030744953042907,15
12358500,SRAD,0.0149301569888051,2,VP,0.0101294881070799,1,Tair,0.0088547511606046,1,PRCP,0.0039235743866583,1
12374250,SRAD,0.0042835875623149,2,Tair,0.0038509703405476,1,VP,0.0023636799740619,6,PRCP,0.0017471007510146,24
12375900,SRAD,0.008512665009648,3,VP,0.0080052752050797,1,Tair,0.0056954393968523,23,PRCP,0.0025133168157996,2
12377150,SRAD,0.0168427320836098,2,VP,0.0137929213572239,1,Tair,0.0121420559907333,1,PRCP,0.0045113280597137,2
12381400,SRAD,0.0084752464027003,2,Tair,0.0049092151217721,3,VP,0.003993941553341,1,PRCP,0.0015329574553888,11
12383500,SRAD,0.010208721829179,2,VP,0.0092228270148476,1,Tair,0.0068419981212509,4,PRCP,0.0027798274011417,14
12388400,SRAD,0.009508772053647,2,Tair,0.0069009866967226,4,VP,0.0048834134752283,1,PRCP,0.0025327960951487,1
12390700,SRAD,0.0061995025705015,2,VP,0.0041644935898197,1,Tair,0.0041197065915917,1,PRCP,0.0034230870682749,1
12411000,PRCP,0.0067917014834212,1,Tair,0.0064847189452267,1,SRAD,0.0054996957962706,2,VP,0.0049619775525416,1
12414500,SRAD,0.0096430927319881,3,Tair,0.0086750612477649,2,PRCP,0.0065096884890104,1,VP,0.0062798094536303,1
12447390,SRAD,0.0081832807539665,1,Tair,0.0065801778304022,1,VP,0.0034766107320201,5,PRCP,0.0016360177187104,1
12451000,SRAD,0.0169584207042394,1,Tair,0.0122336038503924,1,VP,0.0089110957066557,1,PRCP,0.0071554553718101,1
12488500,SRAD,0.0093346970250755,1,PRCP,0.0083199839718089,1,VP,0.0080580829840048,1,Tair,0.0079088821931071,1
13011500,SRAD,0.0089846247710723,1,Tair,0.0064040477507803,1,VP,0.0038044643844666,3,PRCP,0.0025361580266958,1
13011900,SRAD,0.0112863687419412,1,Tair,0.0080613725780834,1,VP,0.0057067593901294,1,PRCP,0.0024190833263559,2
13018300,Tair,0.0051104444313034,7,SRAD,0.0042151758658503,2,VP,0.0033047769559594,1,PRCP,0.0011574929706684,23
13023000,Tair,0.0100761037529547,1,SRAD,0.0096384729564548,2,VP,0.0058351709954778,1,PRCP,0.0019501869429238,2
13083000,SRAD,0.0030298637344526,3,Tair,0.0020324918611217,11,PRCP,0.0020085997703154,1,VP,0.0018064906412433,1
13161500,SRAD,0.0033386925219023,3,PRCP,0.0032361796149398,1,Tair,0.0031472010441728,1,VP,0.0030558702820718,1
13235000,SRAD,0.011350465946013,2,Tair,0.0095471780988087,1,VP,0.0079757053618352,1,PRCP,0.002760488712287,2
13240000,SRAD,0.0063995457284097,2,Tair,0.0063430511674702,1,VP,0.0048195174777081,1,PRCP,0.0018297481748401,2
13310700,Tair,0.009995624200087,1,SRAD,0.0096741172200842,2,VP,0.0064829028484574,1,PRCP,0.0047950407391891,1
13313000,Tair,0.0082902349618994,1,SRAD,0.0078494595118941,2,VP,0.0033568588759619,1,PRCP,0.0032225502251132,2
13331500,SRAD,0.0113408961969549,2,Tair,0.0101776980464178,1,VP,0.0085714271960277,1,PRCP,0.0045189112933062,2
13337000,SRAD,0.0116936424877367,2,Tair,0.0115253892067614,1,VP,0.0056718964562965,1,PRCP,0.0039524621763507,2
13338500,SRAD,0.0080940659357879,2,Tair,0.0079765421530967,1,VP,0.0049160819593461,1,PRCP,0.0032978034479493,1
13340000,Tair,0.0121594695056505,1,SRAD,0.0111697670818791,2,VP,0.0070368916577616,1,PRCP,0.005130441935736,1
13340600,Tair,0.0114675922009315,1,SRAD,0.0104423372122527,2,VP,0.007940439488433,1,PRCP,0.0061257657298121,1
14020000,PRCP,0.0104040237145006,1,VP,0.0047876804924565,1,Tair,0.0047103004018956,6,SRAD,0.0029020116411708,23
14092750,PRCP,0.0094151667751529,1,SRAD,0.0028338556414018,1,Tair,0.0028182241729705,8,VP,0.0013212698136377,11
14096850,PRCP,0.0050648839306129,1,Tair,0.0025296199796303,7,SRAD,0.002466154794125,15,VP,0.0013205843360076,30
14137000,PRCP,0.0141336258782975,1,SRAD,0.0048279595305446,1,Tair,0.0041085264022898,8,VP,0.0026783535822077,7
14138800,PRCP,0.01823090025271,1,SRAD,0.00787381028404,1,Tair,0.0057853399444906,3,VP,0.0039528238320671,8
14138870,PRCP,0.0128651541168193,1,SRAD,0.006811583614636,1,Tair,0.0045046236105381,8,VP,0.0033602922056359,7
14138900,PRCP,0.0188897372885271,1,SRAD,0.0088269368449771,1,Tair,0.0060311796925709,3,VP,0.0040871641994118,10
14139800,PRCP,0.0219976690763605,1,SRAD,0.008119311406749,1,Tair,0.0063470903228956,8,VP,0.0047264202450849,7
14141500,PRCP,0.0216569506912271,1,SRAD,0.0096776619023163,1,Tair,0.0061213016205247,6,VP,0.0045454045524171,8
14154500,PRCP,0.0157421523876729,1,SRAD,0.010947175149569,1,Tair,0.0074798470504067,7,VP,0.0039872766430391,7
14158500,PRCP,0.0187361078487606,1,SRAD,0.0080175491053335,1,Tair,0.0066843852560036,13,VP,0.0051204517607387,1
14158790,PRCP,0.0182490790840703,1,SRAD,0.0096776274355648,1,Tair,0.0064335961393818,1,VP,0.0044628004742062,1
14166500,PRCP,0.0286973402999062,1,SRAD,0.012385288208399,1,Tair,0.0076982718057669,10,VP,0.0051495707262603,3
14182500,PRCP,0.0065473101252285,1,SRAD,0.004068171525558,1,Tair,0.00292264118354,9,VP,0.0017988683885046,9
14185000,PRCP,0.0168010487920584,1,SRAD,0.0095982386153101,1,Tair,0.0056537747176183,8,VP,0.0032569649382314,8
14185900,PRCP,0.0246919205042824,1,SRAD,0.0147887881283458,1,Tair,0.0079356137764367,1,VP,0.0042883958008782,11
14187000,PRCP,0.0116952990886025,1,SRAD,0.0104616474701689,1,Tair,0.006258688312356,4,VP,0.0035281130915642,8
14216500,PRCP,0.014155502980447,1,SRAD,0.0039821795264221,1,Tair,0.0032324318877652,8,VP,0.002352568971764,7
14222500,PRCP,0.0111543217669059,1,SRAD,0.0062861815848878,1,Tair,0.0049255880242029,4,VP,0.0030800022211851,3
14236200,PRCP,0.0115932079118411,1,SRAD,0.0072359559130724,1,Tair,0.0052058279526588,7,VP,0.003768256723139,6
14301000,PRCP,0.0249464671217908,1,SRAD,0.0123570134490132,1,Tair,0.0071178953277817,9,VP,0.0050347350698976,9
14303200,PRCP,0.0215041273553413,1,SRAD,0.010389051589608,1,Tair,0.006514377691105,6,VP,0.0039521610807684,7
14305500,PRCP,0.0200011104275427,1,SRAD,0.012934533842788,1,Tair,0.0068787050049813,9,VP,0.0042318934064202,13
14306340,PRCP,0.0210461910350162,1,SRAD,0.0100586106391499,1,Tair,0.0067043642103414,9,VP,0.0039287751805866,11
14306500,PRCP,0.0341391693766854,1,SRAD,0.0172388127271831,1,Tair,0.0099393388022788,9,VP,0.0053074916351301,4
14308990,PRCP,0.0099208280880365,1,SRAD,0.0057789281720692,1,Tair,0.0041402131838749,13,VP,0.0022158203362885,4
14309500,SRAD,0.0140277711713741,1,PRCP,0.0135246154838319,1,Tair,0.0084277177264731,1,VP,0.0041585708046283,1
14316700,PRCP,0.019048748332281,1,SRAD,0.0152550476518398,1,Tair,0.0104064828065029,5,VP,0.0053949026315286,1
14325000,SRAD,0.0163306045073669,1,PRCP,0.0144745852604907,1,Tair,0.0087105035057027,9,VP,0.0053064676370049,3
14362250,PRCP,0.0025114921289274,1,SRAD,0.0011915120976049,6,Tair,0.0010282903605081,9,VP,0.0006643042199335,3
14400000,PRCP,0.0199226756082969,1,SRAD,0.0181409041298531,1,Tair,0.0098332618720026,1,VP,0.0041148998744037,1
