gauge_id,dominant_forcing,peak_lag,peak_TE,PRCP,SRAD,Tair,VP
1013500,Tair,14,0.0048878833883407,0.0027614217385353,0.0030632665038131,0.0048878833883407,0.0026846556337543
1022500,PRCP,1,0.0166805733564089,0.0166805733564089,0.0047753980402072,0.0083002251135609,0.0061919504793522
1030500,PRCP,1,0.0134275816762943,0.0134275816762943,0.0040720228727942,0.0074603722373123,0.0059494066838827
1031500,PRCP,1,0.0038589515480295,0.0038589515480295,0.0014806788693391,0.0013509524246606,0.0015973129392197
1047000,PRCP,1,0.0022771925556681,0.0022771925556681,0.0013893350946952,0.0015412782745708,0.0013299539963271
1052500,Tair,1,0.0066120198948291,0.0036150187896995,0.0054710882352533,0.0066120198948291,0.0043856872052815
1054200,Tair,12,0.0037378576441534,0.0021149152665537,0.0028884334131273,0.0037378576441534,0.003327869905504
1055000,SRAD,2,0.0035159246617638,0.0031355322927631,0.0035159246617638,0.0027139308321711,0.003184383862478
1057000,PRCP,1,0.0022553647421092,0.0022553647421092,0.0014729518740313,0.0017499583378014,0.0011845067508131
1073000,PRCP,1,0.0056891769999337,0.0056891769999337,0.0025077205156804,0.0028506196732101,0.0019599539807941
1078000,PRCP,1,0.0040309908767237,0.0040309908767237,0.0033151853652574,0.0033623920009349,0.003792717325043
1118300,PRCP,1,0.0041191367215902,0.0041191367215902,0.0014043736566376,0.0019076214283969,0.0016508527538713
1121000,Tair,25,0.0030093761529104,0.0025163572351848,0.0021921050536729,0.0030093761529104,0.0028231668629654
1123000,PRCP,1,0.0053248579832909,0.0053248579832909,0.0020367159833917,0.0026990401657905,0.002488766931581
1134500,PRCP,1,0.0077420425534474,0.0077420425534474,0.0040084618552425,0.0064513537251381,0.0062391948330044
1137500,SRAD,2,0.0051557637757875,0.0042416258211395,0.0051557637757875,0.0046173946421107,0.0035872724749064
1139000,SRAD,2,0.0075702468642309,0.0061410539578434,0.0075702468642309,0.0067175282241053,0.0048811063457987
1139800,SRAD,1,0.008486919008784,0.0052555189134645,0.008486919008784,0.0066271408224465,0.0060024138880259
1142500,Tair,13,0.0029607460051645,0.0024649027488251,0.0029503376175203,0.0029607460051645,0.0024418687494694
1144000,Tair,13,0.0042858177017838,0.0024660354135466,0.0035960133502033,0.0042858177017838,0.003629315863565
1162500,PRCP,1,0.0083302631617389,0.0083302631617389,0.0025960303220403,0.0041888416343064,0.0040922900790916
1169000,Tair,25,0.0022491391373722,0.0009122436550094,0.0018934375937199,0.0022491391373722,0.0018730049023066
1170100,Tair,26,0.0032015516533556,0.001146237742249,0.0022026855494247,0.0032015516533556,0.0027230456508276
1181000,Tair,25,0.0016477936514809,0.0006664348392192,0.0013100827772133,0.0016477936514809,0.0014107365856269
1187300,Tair,12,0.0017901054111375,0.0010926525933692,0.0015477747407687,0.0017901054111375,0.0016219220513133
1195100,PRCP,1,0.0032261253695324,0.0032261253695324,0.0017636702290642,0.0013513863566265,0.0013026955420649
1333000,Tair,23,0.0067962756707259,0.002316625609478,0.0031122796361615,0.0067962756707259,0.0062615024504876
1350000,Tair,24,0.0014534942848165,0.0006725207741023,0.0012702598372992,0.0014534942848165,0.0010813493268576
1350080,SRAD,26,0.0026037850446072,0.0011173922809831,0.0026037850446072,0.0021164762669349,0.0015446704105401
1350140,Tair,27,0.0045376971505355,0.0023521381090225,0.0026273501448168,0.0045376971505355,0.0037121929520026
1365000,PRCP,1,0.00229053603036,0.00229053603036,0.0018455518651029,0.0021401165656507,0.0018488316799959
1411300,PRCP,1,0.0094984241843267,0.0094984241843267,0.0034262761417212,0.0015135359715714,0.0012647838723277
1413500,Tair,25,0.0021778773547274,0.0011784784693166,0.0014439335580371,0.0021778773547274,0.0018257984107079
1414500,Tair,24,0.0028737186597897,0.0021327783072487,0.0021707270230729,0.0028737186597897,0.0026862382834794
1415000,Tair,23,0.0023859164299531,0.0013168174013687,0.0020790492898737,0.0023859164299531,0.0021859887444086
1423000,Tair,11,0.0033443844142257,0.0021481855645947,0.0021773322987349,0.0033443844142257,0.0031413653618251
1434025,Tair,12,0.0027830004744889,0.0016908901286924,0.0016030234808475,0.0027830004744889,0.0020469528387142
1435000,Tair,24,0.0026938610507066,0.0018645710621857,0.0018844087917632,0.0026938610507066,0.002192267380195
1439500,PRCP,1,0.0050558685996535,0.0050558685996535,0.0025956268148081,0.0035051198777791,0.0029179671418481
1440000,PRCP,1,0.0045639024212082,0.0045639024212082,0.0024902173510137,0.002384307254026,0.002016387537162
1440400,PRCP,1,0.0025880487028968,0.0025880487028968,0.0015254251438003,0.0020460802377703,0.0015137051897125
1451800,VP,24,0.0050530089765948,0.0034313423727826,0.0039089271730992,0.0045498552152693,0.0050530089765948
1466500,PRCP,1,0.0050857771556291,0.0050857771556291,0.0016666219887661,0.001897614907423,0.0020911415453268
1484100,PRCP,1,0.0030044620157695,0.0030044620157695,0.0016558559770796,0.0013813045960237,0.0011883906192709
1485500,PRCP,1,0.0106199484803114,0.0106199484803114,0.0029891880435809,0.0017052835758782,0.001706571777213
1486000,PRCP,1,0.0039940576517083,0.0039940576517083,0.0024658622121761,0.0029542817329892,0.0026750736573273
1487000,PRCP,1,0.0105096962607444,0.0105096962607444,0.0050074745696715,0.0041694894114866,0.0040080220988887
1491000,PRCP,1,0.005742055028134,0.005742055028134,0.0020038278926264,0.0016784479559185,0.0014553810332838
1510000,Tair,14,0.0036509548364904,0.0017555879453234,0.0019500592691575,0.0036509548364904,0.0030440426332127
1516500,Tair,19,0.0023843683775613,0.0010756996397244,0.0016272849554311,0.0023843683775613,0.0021257974082035
1518862,Tair,28,0.002357168015853,0.0017873541250994,0.0020157950199749,0.002357168015853,0.0022207992424778
1532000,Tair,30,0.001417329725877,0.0006554222582066,0.0010371442101772,0.001417329725877,0.0012836726679052
1539000,SRAD,8,0.0015153822326296,0.0011752912130433,0.0015153822326296,0.0013882674187413,0.0013282031514602
1542810,VP,1,0.0043341120982658,0.002361625783767,0.003000937692776,0.0037758003375574,0.0043341120982658
1543000,VP,1,0.0028918581500748,0.0021459057440014,0.0022213318010947,0.0026351587532701,0.0028918581500748
1543500,VP,1,0.0030004073216606,0.0026584622185856,0.0022605463007238,0.0027772069559556,0.0030004073216606
1544500,VP,1,0.0034342903127549,0.0032553991853733,0.0025159157475025,0.0032768991715295,0.0034342903127549
1545600,Tair,27,0.0023957701761083,0.0023027774308176,0.0019770186736592,0.0023957701761083,0.0023833950997991
1547700,SRAD,2,0.0014260044841049,0.0009105646575445,0.0014260044841049,0.001415821503253,0.0009291288084341
1548500,Tair,24,0.0029262607892917,0.001691136163643,0.0023867261440712,0.0029262607892917,0.0025193436095827
1549500,Tair,12,0.0035109099239535,0.001701060256437,0.0032070979454024,0.0035109099239535,0.0030033277813552
1550000,Tair,12,0.0022914590517488,0.0021589403315013,0.0019316115446364,0.0022914590517488,0.00183833279213
1552000,Tair,30,0.0020656087406477,0.0010543510080626,0.0016741292879737,0.0020656087406477,0.0013535374237925
1552500,Tair,11,0.0024732597689942,0.0012455369377428,0.0020199757440367,0.0024732597689942,0.0021404510386345
1557500,Tair,1,0.003921884181639,0.0025661125572298,0.0032314762567587,0.003921884181639,0.0032560349963224
1567500,SRAD,24,0.0020579565203967,0.0015735696099446,0.0020579565203967,0.0020190051633741,0.0017512811723041
1568000,PRCP,1,0.0031475435976292,0.0031475435976292,0.0027971054981537,0.0028753732484317,0.0027230402917205
1580000,Tair,28,0.0025486811444848,0.0018428224039257,0.0020349370366724,0.0025486811444848,0.0020553479727382
1583500,Tair,28,0.0020374005335955,0.0019029342842928,0.0017710162524819,0.0020374005335955,0.001332429715146
1586610,Tair,28,0.0024567963544909,0.0020387642419112,0.0018699355494762,0.0024567963544909,0.00196835572348
1591400,PRCP,1,0.0039788827130594,0.0039788827130594,0.002031535446088,0.0019723528829628,0.0016673348349216
1594950,Tair,27,0.0044294176421273,0.0025535414531303,0.002742251600525,0.0044294176421273,0.0040571937312163
1596500,Tair,27,0.0052130845237307,0.0018614836996266,0.0023844773165094,0.0052130845237307,0.0043174070709853
1605500,Tair,22,0.0006110313057123,0.0004509194600988,0.0005195780620546,0.0006110313057123,0.0004867190597015
1606500,PRCP,1,0.0010009761606117,0.0010009761606117,0.0008233298682404,0.0006509932975226,0.0007270231455555
1613050,PRCP,1,0.0016925029404334,0.0016925029404334,0.0016861168935051,0.0016157985283814,0.0011632907694496
1620500,SRAD,3,0.0012251923274544,0.001095477685015,0.0012251923274544,0.0011890579012076,0.0012078083408468
1632000,Tair,1,0.0012606255542178,0.0006447494426418,0.0011787841668744,0.0012606255542178,0.001108006896215
1632900,Tair,25,0.0020149198557565,0.0012860372859964,0.0016631163671443,0.0020149198557565,0.0017676434132932
1634500,Tair,26,0.002554503304081,0.0012485676425042,0.0015568818400686,0.002554503304081,0.0022583606913322
1638480,VP,19,0.002297916161278,0.0018268517294987,0.0017720557108078,0.0021407399485509,0.002297916161278
1639500,Tair,26,0.0032765253575972,0.002209136535657,0.0024871737427677,0.0032765253575972,0.0029816052747556
1644000,VP,14,0.0023782006236587,0.001890914090997,0.0020204737252949,0.0021284078100217,0.0023782006236587
1658500,Tair,29,0.0025053562100001,0.0012704370651006,0.0020546681402064,0.0025053562100001,0.0019303173409422
1664000,PRCP,1,0.0045382292137187,0.0045382292137187,0.0024386203672642,0.0024921487772734,0.0023052939765633
1666500,VP,16,0.0017168730509984,0.0014862702457494,0.0015830376412408,0.001464363770927,0.0017168730509984
1667500,PRCP,1,0.0020805922308813,0.0020805922308813,0.0014563823978432,0.0013245697103065,0.0011944671849237
1669000,PRCP,1,0.0042756908047618,0.0042756908047618,0.0018830141508971,0.0011213247453386,0.0011911936305845
1669520,PRCP,1,0.0040272695775053,0.0040272695775053,0.0014842750429856,0.0009397568447483,0.0011938227422991
2011400,Tair,25,0.0017352547119028,0.0009863662296101,0.0012342858437906,0.0017352547119028,0.0015140282867789
2011460,Tair,26,0.0017569856016411,0.0007107094240912,0.0011714009200225,0.0017569856016411,0.0015139470637388
2013000,Tair,26,0.0031690067124011,0.0020112670058594,0.0020279531319863,0.0031690067124011,0.0027824216451816
2014000,PRCP,1,0.0033618342953,0.0033618342953,0.0033035498107455,0.0029508582452034,0.0024219297505677
2015700,Tair,26,0.0017352229164735,0.0010786048145322,0.0013449154718975,0.0017352229164735,0.001659675654881
2016000,PRCP,1,0.0035080844409542,0.0035080844409542,0.0024798723981367,0.0020624234710093,0.0025266047060642
2017500,PRCP,1,0.0030282692457939,0.0030282692457939,0.0025151457057692,0.0030044338397628,0.0026549140908099
2018000,PRCP,1,0.0073005083945968,0.0073005083945968,0.0047351963751592,0.0021149138808299,0.0020765924988607
2027000,SRAD,14,0.0021443352964885,0.0012317693910959,0.0021443352964885,0.0017857171368613,0.0021197708346156
2027500,PRCP,1,0.0012198693336711,0.0012198693336711,0.0010895350570656,0.0007084096463213,0.0006962772205302
2028500,SRAD,3,0.0023924071363724,0.0021548027011953,0.0023924071363724,0.0022257334908874,0.0021685521201206
2038850,PRCP,1,0.0011033538448819,0.0011033538448819,0.0010123792052093,0.0007800738070002,0.0008893585454705
2046000,PRCP,1,0.0043703891399769,0.0043703891399769,0.0018184475390803,0.0013809875741961,0.001897296985032
2051000,Tair,5,0.002333649611315,0.0012657965115279,0.0022825172231996,0.002333649611315,0.0023112011749992
2051500,PRCP,1,0.0204718277512,0.0204718277512,0.0094005546267135,0.0048040997208135,0.0042733462745034
2053200,PRCP,2,0.0023865396602685,0.0023865396602685,0.0013268360954731,0.0006508039870012,0.0010378659454069
2053800,PRCP,1,0.0035207799651377,0.0035207799651377,0.0031085805592057,0.0023580594991347,0.0025414058656837
2055100,PRCP,1,0.0007534623618023,0.0007534623618023,0.0004452858074867,0.000235727696862,0.0003454719130543
2056900,SRAD,1,0.003345186627123,0.0027329931658891,0.003345186627123,0.0019497145548845,0.0018118963145479
2059500,PRCP,1,0.0017540710330473,0.0017540710330473,0.0011775696472503,0.0005463140858064,0.0007072493438242
2064000,SRAD,1,0.0007030748016181,0.0006283393191734,0.0007030748016181,0.0006654356312578,0.0006091721328827
2065500,PRCP,1,0.0051584008261317,0.0051584008261317,0.0026665017245228,0.0013977110944777,0.0014900528939956
2069700,SRAD,1,0.0012423510534622,0.0011855630822938,0.0012423510534622,0.0008173754817573,0.0011335607191101
2070000,PRCP,1,0.0019336740426326,0.0019336740426326,0.0013404021069432,0.001073431781469,0.0012370791102947
2074500,VP,8,0.0017288825847246,0.0015004515902766,0.0015051646847681,0.0015189670995481,0.0017288825847246
2077200,SRAD,1,0.0012715014686051,0.0010512991031335,0.0012715014686051,0.0008986650093164,0.0008905965339457
2081500,PRCP,1,0.0061775368428859,0.0061775368428859,0.0042835129074415,0.0034495725015527,0.0033314944763378
2082950,PRCP,1,0.0029583082708213,0.0029583082708213,0.000784720443289,0.0007070978667175,0.0006671972134022
2092500,PRCP,1,0.0027285357887122,0.0027285357887122,0.0015682440896558,0.0009782039772978,0.0016514737720317
2096846,VP,28,0.003013567955356,0.0012710201518276,0.002490334672245,0.0027500041987943,0.003013567955356
2102908,PRCP,1,0.0026908245085456,0.0026908245085456,0.0017579461476546,0.0014920625516299,0.0016046998869505
2108000,PRCP,2,0.0032431657225722,0.0032431657225722,0.0016484087980845,0.0006739489135978,0.0012636804264813
2111180,PRCP,1,0.001803296630412,0.001803296630412,0.001427245400004,0.000942941045731,0.0013504724867848
2111500,SRAD,1,0.002729924562836,0.0018547055454203,0.002729924562836,0.0018580200328721,0.0020598290351184
2112120,PRCP,1,0.002342812920724,0.002342812920724,0.0021532004272086,0.0013104712036083,0.0015310209189081
2112360,PRCP,1,0.0031223926448013,0.0031223926448013,0.0027195143845217,0.0022278934674113,0.0028800815507784
2118500,PRCP,1,0.0024069849968561,0.0024069849968561,0.0022903104595974,0.0016694406588307,0.0019002494151361
2125000,SRAD,1,0.0041201492075916,0.0028333309013042,0.0041201492075916,0.0025625786482933,0.0026814952625808
2128000,PRCP,1,0.0035838394998161,0.0035838394998161,0.0028396226240156,0.0013485955894703,0.0013102133966967
2137727,SRAD,1,0.0013531103782447,0.0008694318364101,0.0013531103782447,0.001186568473087,0.0011993099614814
2140991,SRAD,1,0.0024285857095374,0.001864728534032,0.0024285857095374,0.0013855535638537,0.0019112530198904
2143000,PRCP,1,0.0048301189237432,0.0048301189237432,0.0033643398583013,0.0019995682308619,0.0016870957610649
2143040,PRCP,1,0.003100190655061,0.003100190655061,0.0028738935028367,0.0011301055908488,0.0012398871849942
2149000,PRCP,1,0.0026794899639438,0.0026794899639438,0.0021362191799627,0.0012803121949247,0.001316815269988
2152100,SRAD,1,0.0019357240566843,0.0013482178991708,0.0019357240566843,0.0011222793147821,0.001429308498297
2177000,SRAD,1,0.0020888963354493,0.0018113975969995,0.0020888963354493,0.0009031263726938,0.001430009913958
2178400,SRAD,1,0.0039898214800073,0.002786754012018,0.0039898214800073,0.0021488495744609,0.0022849728478
2193340,Tair,28,0.0035597313725988,0.0023378199781589,0.0029960588853631,0.0035597313725988,0.0033417976368658
2196000,PRCP,1,0.0081364108299167,0.0081364108299167,0.0076351810855773,0.0059189338626548,0.0050570609826022
2198100,PRCP,1,0.004191349754304,0.004191349754304,0.002587049387678,0.0019878977849899,0.0017553133030765
2202600,PRCP,2,0.0084753715784696,0.0084753715784696,0.0042408478651199,0.0019690570052546,0.0017919221534191
2212600,SRAD,1,0.0039013086701724,0.0037872297695459,0.0039013086701724,0.0028797459404592,0.0025368128092548
2215100,PRCP,1,0.0108858911247202,0.0108858911247202,0.0049925298304967,0.0026323348566744,0.0023260070734055
2216180,PRCP,1,0.0062730171362397,0.0062730171362397,0.0039985430465579,0.0030868373741961,0.0024838540234911
2221525,PRCP,1,0.0091687190976835,0.0091687190976835,0.0059961207058235,0.0033174218839488,0.0032952071446267
2231000,PRCP,1,0.0055429116195958,0.0055429116195958,0.0023475880243181,0.0013510394151197,0.0013887756235895
2231342,PRCP,1,0.0072958396549987,0.0072958396549987,0.0032811590297517,0.0022854547995738,0.0031727476742597
2235200,PRCP,1,0.0085673920402724,0.0085673920402724,0.0052196863945638,0.0017904569963759,0.0029389853985227
2245500,PRCP,1,0.0112209724609485,0.0112209724609485,0.0049264005004652,0.0020712121488536,0.0027463168290339
2246000,PRCP,1,0.009826845058695,0.009826845058695,0.0044574538440239,0.0010341452648502,0.0014545611652278
2296500,PRCP,1,0.0066345848754837,0.0066345848754837,0.0049309861777972,0.0022801437506397,0.0028918106439286
2297155,PRCP,1,0.004930673938227,0.004930673938227,0.0024563924717027,0.0023998623727058,0.00302453279823
2297310,PRCP,1,0.0046894884355461,0.0046894884355461,0.0029716170462844,0.0016403604488385,0.0018417743858461
2298123,PRCP,1,0.0103573148236729,0.0103573148236729,0.0059859387623459,0.004057235569915,0.0045290407020487
2298608,PRCP,1,0.008639813848042,0.008639813848042,0.0041407936389917,0.002513851156714,0.0029320748783731
2299950,PRCP,1,0.0074336681651266,0.0074336681651266,0.0036745327095468,0.0017294268322339,0.0024488049681826
2300700,PRCP,1,0.0069719693240561,0.0069719693240561,0.002981432849403,0.0011651401215704,0.001576415128197
2310947,PRCP,1,0.0064430121839452,0.0064430121839452,0.004947290827998,0.0023757807903969,0.0028255254188881
2312200,PRCP,1,0.0067248308062115,0.0067248308062115,0.0044020435267279,0.0024484852951269,0.0028244211577211
2314500,PRCP,2,0.0055311053396993,0.0055311053396993,0.004224208226024,0.0017440482279368,0.0023807202964634
2315500,PRCP,1,0.0039044479517116,0.0039044479517116,0.0030123869341618,0.0019885451813207,0.0021054831283636
2324400,PRCP,1,0.0063743789057033,0.0063743789057033,0.0048889878222238,0.0023045259265984,0.0030743477980761
2327100,PRCP,1,0.0096287054608217,0.0096287054608217,0.0033426858823691,0.0009275188498665,0.0010410944586533
2342933,Tair,12,0.0012458572948354,0.0005388416375115,0.0008101117971661,0.0012458572948354,0.0012048463837734
2349900,SRAD,1,0.0025527756006496,0.0021209441937302,0.0025527756006496,0.0017509461021038,0.001561484427531
2350900,PRCP,1,0.002851548322444,0.002851548322444,0.0016896676560954,0.001276513774968,0.0015913819456546
2361000,PRCP,2,0.0015221282622971,0.0015221282622971,0.0009989861578897,0.0007855751824642,0.0007870443418499
2363000,PRCP,2,0.0038643250690724,0.0038643250690724,0.0021358648085726,0.0013760352687225,0.0015964155289447
2369800,PRCP,1,0.0011349326356638,0.0011349326356638,0.000700152974398,0.0006123377387348,0.0008004980180974
2371500,PRCP,3,0.0060319188054189,0.0060319188054189,0.003286465456274,0.0017234455246253,0.0021095260688753
2372250,PRCP,3,0.0034321875079955,0.0034321875079955,0.0020290717266985,0.0013292126043516,0.0017373133983243
2374500,PRCP,1,0.0087233062601394,0.0087233062601394,0.0042441080471898,0.0017087821412655,0.0018197525245533
2381600,VP,24,0.0023552667803155,0.0016902693005871,0.0019078496390985,0.0021392253412909,0.0023552667803155
2384540,PRCP,1,0.0034908595672648,0.0034908595672648,0.0023809032219631,0.0016111641300938,0.0015794433861367
2395120,Tair,29,0.0036991491734882,0.0033744008739324,0.0032459222915882,0.0036991491734882,0.0034544382631056
2408540,PRCP,1,0.0039206592287222,0.0039206592287222,0.0038177988704241,0.0037287559947809,0.0034079794926233
2415000,Tair,14,0.0041100469997118,0.002932865785339,0.004009867732454,0.0041100469997118,0.0039615909054562
2422500,PRCP,1,0.0024897457353233,0.0024897457353233,0.0024654845982956,0.0018718039103494,0.0018124781831833
2427250,PRCP,1,0.0109945359949977,0.0109945359949977,0.0062028648031162,0.002920300524608,0.0030374941224004
2430085,SRAD,5,0.0032990970149748,0.0024567779457289,0.0032990970149748,0.0031104598785976,0.0030718745794957
2430615,SRAD,5,0.0035643813482777,0.0032739925374222,0.0035643813482777,0.0031211243774796,0.0033005550742952
2450250,PRCP,1,0.0046895207312909,0.0046895207312909,0.0036672749366013,0.0042461997397759,0.0038536784298125
2464000,PRCP,1,0.0070720458539332,0.0070720458539332,0.0061410841471398,0.0049329886088116,0.0044672556169201
2464146,Tair,20,0.0013380285749998,0.0008580847028945,0.0012524459505664,0.0013380285749998,0.0011495257709375
2464360,PRCP,1,0.0060932614025206,0.0060932614025206,0.0056558691012066,0.0039700831963897,0.0035272213350559
2465493,PRCP,1,0.0027381847523971,0.0027381847523971,0.0016366242074675,0.001051217202436,0.0009465378995265
2469800,PRCP,1,0.0131619933433731,0.0131619933433731,0.00512431064091,0.0031806163109202,0.002960302253047
2472000,PRCP,2,0.0098426168035376,0.0098426168035376,0.0065194925737153,0.0033531997531365,0.0030832782116418
2472500,PRCP,1,0.0063018599603484,0.0063018599603484,0.0042172338904266,0.0026963148037492,0.0027448390602572
2479155,PRCP,1,0.0032125127883603,0.0032125127883603,0.0017931757278175,0.0018038059722118,0.0018699042170802
2479300,PRCP,1,0.0152525865782276,0.0152525865782276,0.0053169453286711,0.0027692866366789,0.0033187922226228
2479560,PRCP,1,0.0177808517459913,0.0177808517459913,0.0075095029541992,0.0027727605012816,0.0030722742988822
2481000,PRCP,1,0.0104505870972645,0.0104505870972645,0.0056849170378244,0.003962645418318,0.0037817056715268
2481510,PRCP,1,0.0111249768409959,0.0111249768409959,0.0049766739471675,0.0027543405195228,0.002789160370475
3010655,PRCP,1,0.0055988977104978,0.0055988977104978,0.0035830855957277,0.0044564311427113,0.0048484463607464
3011800,SRAD,2,0.0025870685718769,0.0019705717763308,0.0025870685718769,0.0025825407255579,0.0019302169506428
3015500,Tair,17,0.0043311743449157,0.003337685744487,0.0031636838876092,0.0043311743449157,0.004192187316465
3021350,Tair,1,0.0098147367870508,0.0029028989136973,0.0039535485709514,0.0098147367870508,0.0065213949060888
3026500,Tair,23,0.0032425295178722,0.0016421231598569,0.0021618892009198,0.0032425295178722,0.0030345027040387
3028000,VP,1,0.0029796217995743,0.0012367771179409,0.0020540691630852,0.0024599103639297,0.0029796217995743
3049000,VP,19,0.0023348015898824,0.0014119958301538,0.0019805584802108,0.0020409620121615,0.0023348015898824
3049800,SRAD,30,0.0010852634050181,0.0009684004457122,0.0010852634050181,0.0007262865890465,0.0008052693886285
3050000,PRCP,1,0.0060487278919134,0.0060487278919134,0.0034635712379613,0.0043758527132016,0.0045122911974022
3066000,PRCP,1,0.0020148173941718,0.0020148173941718,0.0012705841630318,0.0012817788326581,0.0009319659800702
3069500,VP,25,0.0027574537556299,0.0014270013396317,0.0018564774711563,0.002504449182504,0.0027574537556299
3070500,Tair,26,0.0055994867456416,0.0026367356315709,0.0027202784565067,0.0055994867456416,0.0049436068056692
3076600,Tair,22,0.0049072861556715,0.0018427138359877,0.0032747596465652,0.0049072861556715,0.0042600866255283
3078000,Tair,25,0.0054743298811477,0.0017506626928292,0.0023051134857072,0.0054743298811477,0.0043070804729893
3140000,PRCP,1,0.0035699889173656,0.0035699889173656,0.002968676769299,0.0032562321587612,0.0033914704434521
3144000,PRCP,1,0.0035555321696858,0.0035555321696858,0.0021821976350947,0.0025733572965534,0.002802417060728
3159540,Tair,21,0.0033505706885513,0.0028854986511005,0.0017690992352816,0.0033505706885513,0.0025650699213694
3161000,SRAD,1,0.0020313006271203,0.0019390707324146,0.0020313006271203,0.0012135208764124,0.0013124969226609
3164000,PRCP,1,0.0060780930095411,0.0060780930095411,0.0039701748741667,0.0015441246919938,0.0015174896209797
3165000,SRAD,1,0.0028970430658479,0.0026271523224004,0.0028970430658479,0.002266457473927,0.0027991787391605
3170000,PRCP,1,0.0049155304475626,0.0049155304475626,0.0041061083114826,0.0029697766074275,0.0028697414951798
3173000,PRCP,1,0.005260050423004,0.005260050423004,0.0027723364286223,0.0027061353937937,0.0020679352740793
3180500,VP,17,0.0023481318249685,0.0010726788820892,0.0015534031170159,0.0023299426078608,0.0023481318249685
3182500,Tair,27,0.0030630086461296,0.002034406607569,0.0017982787028854,0.0030630086461296,0.0028865196487456
3186500,Tair,22,0.0048381424647181,0.0032405173232831,0.0025090238562038,0.0048381424647181,0.0044663944573444
3187500,VP,29,0.0037736627577945,0.0026889071725207,0.0021650558376317,0.0036612701026836,0.0037736627577945
3213700,PRCP,1,0.007642967840569,0.007642967840569,0.0030839516090158,0.0037589340923736,0.0036988803235552
3237280,VP,27,0.0029384524869341,0.0019656036320223,0.0023765412696463,0.0028135185027864,0.0029384524869341
3237500,Tair,29,0.0013147614974979,0.0006520323196826,0.0009470247363777,0.0013147614974979,0.001068235882799
3238500,Tair,6,0.0044679918735313,0.0036304707064038,0.003244769009929,0.0044679918735313,0.0041965716554973
3241500,PRCP,1,0.0041476873785167,0.0041476873785167,0.0030696750779617,0.0032548505633083,0.0028684143090152
3280700,Tair,23,0.0036926830849361,0.0028419045861241,0.0027528616158645,0.0036926830849361,0.0032520305321468
3281100,Tair,23,0.0044139730262438,0.004029385441012,0.0029922201781455,0.0044139730262438,0.0038440404346292
3281500,PRCP,1,0.0115652329700652,0.0115652329700652,0.0048767316404621,0.0048884900067964,0.0042185751442812
3285000,PRCP,1,0.0030973391301424,0.0030973391301424,0.002060828198391,0.0018586037642564,0.0020971504702901
3291780,PRCP,1,0.0037624335130965,0.0037624335130965,0.0025552663712744,0.003075150673296,0.0030217648036979
3300400,PRCP,1,0.0086845884260204,0.0086845884260204,0.0040134070911125,0.0029904484539899,0.0030405520026551
3338780,PRCP,1,0.0100135353670167,0.0100135353670167,0.0049097557975477,0.0030904777793779,0.0026030657499718
3340800,PRCP,1,0.0027307854994172,0.0027307854994172,0.0017405201587561,0.0018308230373149,0.0017361803709126
3346000,PRCP,1,0.0106987742230506,0.0106987742230506,0.0043913872269282,0.0027049595434856,0.0024781834780024
3357350,PRCP,1,0.0030411269072801,0.0030411269072801,0.0026802923584543,0.0026658227531318,0.0019391343671669
3364500,PRCP,1,0.0025084960759554,0.0025084960759554,0.0021379964257345,0.0021755986291308,0.0020108759698437
3366500,PRCP,1,0.0048973855122731,0.0048973855122731,0.0021513658347408,0.0026590583598971,0.0032304454726364
3368000,Tair,27,0.0030679258212457,0.0016105395472405,0.0021505644894339,0.0030679258212457,0.0030288063835503
3384450,Tair,16,0.0030853114355202,0.00223621208181,0.002440099711765,0.0030853114355202,0.0027675987342757
3439000,SRAD,1,0.0030597424763098,0.0025896818977999,0.0030597424763098,0.0021393577055743,0.0024750190445805
3450000,PRCP,1,0.0019777925294745,0.0019777925294745,0.0013965155527903,0.0013469949623302,0.0013788900484676
3455500,SRAD,1,0.0035585396875265,0.0029282599828764,0.0035585396875265,0.0028842845609534,0.0030356074574759
3456500,PRCP,1,0.0027012243672946,0.0027012243672946,0.0019920840381593,0.0012878230768216,0.0017895412599895
3460000,Tair,26,0.0038569434484763,0.0036763937107248,0.0031474251770401,0.0038569434484763,0.0030961093996108
3463300,PRCP,1,0.0016239884218222,0.0016239884218222,0.0013452782327311,0.0010672779611785,0.001527964131342
3471500,PRCP,1,0.0027583383773767,0.0027583383773767,0.0021754874231257,0.0023542706018605,0.0022187928476443
3473000,PRCP,1,0.0057555360388759,0.0057555360388759,0.0038681858676467,0.0039061272078883,0.0038161029327063
3479000,VP,30,0.0017123533066715,0.0015163188564989,0.0015970549996463,0.0013935216477407,0.0017123533066715
3488000,PRCP,1,0.0032942282655383,0.0032942282655383,0.0025102827645633,0.0029824067734774,0.0023978122501033
3498500,PRCP,1,0.0045178353820931,0.0045178353820931,0.0026177574009294,0.0026608766869845,0.0024412404541203
3500000,PRCP,1,0.0066938140044993,0.0066938140044993,0.0055268640076099,0.0020644678500304,0.0025607532429218
3500240,Tair,15,0.0029448141770715,0.0026326151699973,0.0027054356989042,0.0029448141770715,0.0027497099356621
3504000,PRCP,1,0.0030505174898744,0.0030505174898744,0.002975232831273,0.0021660511996003,0.0024351891203257
3574500,PRCP,1,0.0117300928138992,0.0117300928138992,0.0031053829452224,0.0020675177179234,0.0022071923771127
3592718,PRCP,1,0.0016345390868567,0.0016345390868567,0.001049951652348,0.0015765580328773,0.0014597428298429
3604000,PRCP,1,0.0061480052005845,0.0061480052005845,0.0017139487684237,0.0017820600803173,0.0013847226427217
4015330,SRAD,6,0.0007807556537786,0.0005671108533514,0.0007807556537786,0.0006198066667839,0.000641705801462
4024430,PRCP,1,0.0091986421550295,0.0091986421550295,0.0022665011179667,0.0033350602441798,0.0029991708002113
4027000,SRAD,15,0.003376809961025,0.0029925337073788,0.003376809961025,0.0033069843560264,0.0025367147004157
4040500,PRCP,1,0.0042813457260081,0.0042813457260081,0.0041167168897837,0.0037689020759138,0.0026820289870182
4043050,SRAD,2,0.0082479071702357,0.0066143454780882,0.0082479071702357,0.0071299054886352,0.004560551831856
4045500,Tair,2,0.0055205607965128,0.002631228391574,0.0020743521772571,0.0055205607965128,0.0036250295508646
4056500,Tair,8,0.0036049330593783,0.00306933706472,0.00207503412604,0.0036049330593783,0.0027275163719381
4057510,PRCP,1,0.0078632954134151,0.0078632954134151,0.003228359827217,0.0047506255988815,0.0045242024151562
4057800,PRCP,1,0.0035234495124487,0.0035234495124487,0.0028761163451166,0.0029430199487296,0.0028052657444907
4059500,PRCP,1,0.0050395817630826,0.0050395817630826,0.00316943861346,0.0033662095740092,0.0031997290653062
4063700,PRCP,1,0.005373621371841,0.005373621371841,0.0037013573407923,0.0040480826847391,0.0024551518954065
4074950,PRCP,1,0.0091390740570012,0.0091390740570012,0.0039010726964154,0.0053640259980193,0.0028058815297022
4105700,PRCP,1,0.0174846642043651,0.0174846642043651,0.0050821289047969,0.0057533724209926,0.0031159239892091
4115265,PRCP,1,0.0103131903262271,0.0103131903262271,0.0033933976516903,0.0042101074458864,0.0032112398105969
4122200,PRCP,1,0.0092374465583576,0.0092374465583576,0.0029369110165233,0.0030814143956685,0.0028361226110114
4122500,PRCP,2,0.0049112692116434,0.0049112692116434,0.0021335453772274,0.0036173771843212,0.0035615060222244
4124000,PRCP,1,0.0121019349704576,0.0121019349704576,0.0038901525106807,0.0076719587676862,0.005182093713841
4127918,PRCP,1,0.0098422867243361,0.0098422867243361,0.0045072983105844,0.0058300135802779,0.0043055047984608
4127997,PRCP,1,0.0115145281683227,0.0115145281683227,0.0077250545776478,0.0111852058179285,0.0060855523719958
4161580,PRCP,1,0.0068530179644841,0.0068530179644841,0.0024791235366659,0.0050968847020347,0.0048083699678749
4185000,PRCP,1,0.0124653052962603,0.0124653052962603,0.0039590401623488,0.0041764785311763,0.0037838193361808
4196800,PRCP,1,0.0158370068833055,0.0158370068833055,0.0050414769788427,0.0044561572823596,0.0038850889890011
4197100,PRCP,1,0.0099689895106914,0.0099689895106914,0.005023516554248,0.0053047684179155,0.0046262882859879
4197170,Tair,24,0.0055850165840774,0.0046940602998866,0.0040645520931445,0.0055850165840774,0.0051090293794271
4213000,PRCP,1,0.0110350849574839,0.0110350849574839,0.0042270253474551,0.0044028265999016,0.0039563301823019
4213075,VP,29,0.0023157322029095,0.0018852931424687,0.0016845465382436,0.0021528320687417,0.0023157322029095
4216418,Tair,28,0.0060678998228309,0.0027446647186151,0.0031318153359229,0.0060678998228309,0.0048200230932775
4221000,Tair,15,0.0031325505643642,0.0021185634598193,0.0022804853856295,0.0031325505643642,0.0026301872987701
4224775,Tair,19,0.0029123385412467,0.0017640210591212,0.0024372348903212,0.0029123385412467,0.0026017004170029
4233000,Tair,12,0.002142494827949,0.0012158940126954,0.0015633340591261,0.002142494827949,0.0016518539809262
4256000,PRCP,1,0.0069694417647351,0.0069694417647351,0.0027778887487442,0.0056199111036261,0.0046137582189046
4296000,Tair,1,0.0071314250411242,0.0034331310183164,0.0046658378669036,0.0071314250411242,0.0058210159447854
5056000,Tair,6,0.00212742655268,0.0009245724018405,0.0020207674432632,0.00212742655268,0.0012255626940067
5057000,SRAD,2,0.0020875767307066,0.0014060975843327,0.0020875767307066,0.001964654874262,0.0014300646020663
5057200,SRAD,13,0.0023045289606979,0.0013933778327329,0.0023045289606979,0.0021081012514152,0.0015972044215524
5062500,SRAD,7,0.0023493768098863,0.0018463059183915,0.0023493768098863,0.0022872885748504,0.0020628998096085
5087500,PRCP,2,0.0035561941651218,0.0035561941651218,0.0026083807865925,0.0021337656808008,0.0015276883683619
5120500,SRAD,2,0.0019189924693879,0.0010365775223744,0.0019189924693879,0.0015088701735589,0.0008792529324815
5123400,SRAD,25,0.0026738324495035,0.0018138204696091,0.0026738324495035,0.0020921545472676,0.0014467941610338
5129115,PRCP,1,0.0046521672447129,0.0046521672447129,0.0036323134947956,0.0042974273333555,0.0028352656730945
5131500,PRCP,1,0.0089439282132789,0.0089439282132789,0.0037831553352547,0.0041123947473159,0.002376149845959
5291000,PRCP,1,0.0059368737251274,0.0059368737251274,0.0034958046789174,0.0024421333871994,0.0019040781285632
5362000,PRCP,1,0.0120819935055548,0.0120819935055548,0.0037761063051606,0.0038314546740777,0.0039076710249418
5393500,PRCP,1,0.0079138877401053,0.0079138877401053,0.0041997527982567,0.0037539935747141,0.0030375758414124
5399500,PRCP,1,0.0035849813133802,0.0035849813133802,0.0022493886613696,0.0024730043324922,0.0020974919924213
5408000,SRAD,24,0.0004113962880278,0.0004095244628731,0.0004113962880278,0.0002242175457193,0.0004021009734508
5412500,PRCP,1,0.0032310779373286,0.0032310779373286,0.0022702987020571,0.0012744883399448,0.002146919772081
5413500,Tair,10,0.0017173315657293,0.0016054653197082,0.0016711947275055,0.0017173315657293,0.0015537109968341
5414000,SRAD,18,0.0020819849303285,0.0012046705432159,0.0020819849303285,0.0013093997824198,0.0015061678462787
5444000,Tair,30,0.0037260605757012,0.0032221124692173,0.002819992331917,0.0037260605757012,0.0025107158572638
5454000,VP,4,0.0027486577151083,0.0020728655487345,0.0021777572155506,0.0021676559997621,0.0027486577151083
5458000,PRCP,1,0.0036003654796995,0.0036003654796995,0.0014238078664188,0.0010530962858012,0.0011464078396974
5466500,PRCP,1,0.011621480563115,0.011621480563115,0.00540836131637,0.0026690366851732,0.0025683583368981
5487980,PRCP,1,0.0043496357719306,0.0043496357719306,0.0022512805264147,0.0023686174830499,0.0025042910948096
5488200,PRCP,1,0.0035884011316129,0.0035884011316129,0.0017724004076342,0.0015814688802651,0.0024448638033795
5489000,PRCP,1,0.003271568947423,0.003271568947423,0.0015203972345517,0.0015716604032164,0.0023087738696319
5495000,PRCP,1,0.010947914345053,0.010947914345053,0.0030269150679544,0.0018648113506439,0.0020367536961277
5495500,PRCP,1,0.0046170969713372,0.0046170969713372,0.0023161342421045,0.0018600733211038,0.0018811039266974
5501000,PRCP,1,0.0053606432994029,0.0053606432994029,0.0029180371624325,0.0026347247670292,0.0026285809875641
5503800,PRCP,1,0.0044972449123789,0.0044972449123789,0.0019987591707593,0.002066900874285,0.0018380338553461
5507600,PRCP,1,0.0021119804028483,0.0021119804028483,0.0018685280337716,0.0017975892028668,0.0020555665303448
5508805,PRCP,1,0.0037755078703508,0.0037755078703508,0.00268187185084,0.0022199629122736,0.0024451671825014
5514500,PRCP,1,0.0110095446717887,0.0110095446717887,0.0035076820112203,0.0020244566789192,0.0022929895879357
5525500,PRCP,1,0.0140275266674936,0.0140275266674936,0.0036498302605539,0.0023694146757354,0.0021097999418095
5556500,PRCP,1,0.003324721744075,0.003324721744075,0.0014707459066013,0.0016783834556053,0.0009494774297888
5584500,PRCP,1,0.0090070535159108,0.0090070535159108,0.002697113873102,0.0021370182592155,0.0023780733976497
5585000,PRCP,1,0.0064160667465219,0.0064160667465219,0.0026728258815618,0.0018921193986404,0.0017582909504919
5591550,PRCP,1,0.0070853719485126,0.0070853719485126,0.003184351325696,0.0030601838184385,0.003293531956177
5592050,PRCP,1,0.004243866887806,0.004243866887806,0.0033872031499836,0.002567955493938,0.0022845798057863
5592575,Tair,26,0.0030975069710098,0.0028975001499558,0.0020649113142113,0.0030975069710098,0.0028360191230077
5593575,PRCP,1,0.0053041300116837,0.0053041300116837,0.0033658749096034,0.0026536833422286,0.0025124068340722
5593900,PRCP,1,0.0037070810820898,0.0037070810820898,0.0033566674825086,0.0029732454204771,0.0028073597166283
5595730,PRCP,1,0.0034618676154188,0.0034618676154188,0.0030557781053631,0.002662962288108,0.0028578314834378
6037500,SRAD,2,0.0090519967098302,0.0040740155450127,0.0090519967098302,0.0061138915150709,0.0044770409427005
6043500,SRAD,2,0.0095791703616276,0.0027821208812092,0.0095791703616276,0.0064828390014419,0.0057496667625291
6154410,PRCP,1,0.002994124763462,0.002994124763462,0.0029125216294731,0.0015118326607579,0.0017589342566154
6188000,SRAD,1,0.0136642576066178,0.0027427955260539,0.0136642576066178,0.0096481625346331,0.005692068968883
6191500,SRAD,1,0.0101045489752737,0.0019018072394104,0.0101045489752737,0.0076889909180355,0.0045955814834631
6221400,Tair,1,0.0212475803900994,0.0052429277510559,0.0173669991509906,0.0212475803900994,0.0183306754111691
6224000,SRAD,3,0.0119248513326044,0.0029589319907,0.0119248513326044,0.0088366558820049,0.0087779788472569
6278300,SRAD,1,0.0117409544735088,0.0028318763556464,0.0117409544735088,0.00704922143417,0.006100438351203
6280300,SRAD,1,0.01489514329326,0.0027163261592267,0.01489514329326,0.0075768005513507,0.0050190721808845
6289000,SRAD,1,0.0055758166423256,0.0026583309205507,0.0055758166423256,0.0032237292840866,0.002973592132169
6291500,SRAD,1,0.0052108510002427,0.0034500104082143,0.0052108510002427,0.0037374820491,0.0048279459867841
6311000,SRAD,1,0.0053404648836864,0.0029283074431762,0.0053404648836864,0.0041595005668332,0.0037682324515275
6332515,SRAD,8,0.0027548363131015,0.0022094115934522,0.0027548363131015,0.0024454541114216,0.001739073397892
6339100,PRCP,1,0.0024345263135014,0.0024345263135014,0.0014009391242022,0.0014852800663262,0.0007024100115197
6339500,SRAD,14,0.0015698831519136,0.0013044519382825,0.0015698831519136,0.0013854697017721,0.001019657215672
6344600,PRCP,1,0.00208721726061,0.00208721726061,0.0018959267560288,0.0016168953476854,0.001002830261409
6350000,Tair,17,0.0024402851499238,0.0018023110704047,0.0022104798204882,0.0024402851499238,0.0016620846412729
6352000,SRAD,12,0.0022856881514157,0.0014704230428399,0.0022856881514157,0.002036370817162,0.0010572235492271
6353000,Tair,23,0.0025183603079782,0.0012027411884791,0.0021375215130272,0.0025183603079782,0.0009771593232095
6354000,Tair,23,0.0024876318553526,0.0010659019816101,0.0021691069656172,0.0024876318553526,0.001357365860138
6360500,PRCP,1,0.0036198177767406,0.0036198177767406,0.002915770347364,0.0025015880677266,0.001637984122896
6404000,PRCP,1,0.0025404390894925,0.0025404390894925,0.0018720757743343,0.0016790981730126,0.0016688091603442
6406000,PRCP,1,0.0051376656362163,0.0051376656362163,0.0024719906316178,0.0024298718170317,0.0020601920132485
6408700,SRAD,1,0.0030582535446546,0.0020289758342986,0.0030582535446546,0.0023832575280224,0.0019654506058537
6409000,SRAD,21,0.0051844916208899,0.0023892575627429,0.0051844916208899,0.0028457691920687,0.0019723402686579
6431500,PRCP,1,0.0038360284380173,0.0038360284380173,0.0028227899889034,0.0020387481152039,0.0018628993019253
6440200,PRCP,1,0.0059394045242873,0.0059394045242873,0.0025930700531638,0.0024586274786219,0.0017975532465465
6441500,PRCP,1,0.0054462488234642,0.0054462488234642,0.0033818025987049,0.0032318716332827,0.0027960314056275
6447000,PRCP,1,0.0145733128134769,0.0145733128134769,0.0036486316645965,0.002674505390911,0.0032281430959174
6447500,SRAD,16,0.0018992080629276,0.0014058795616604,0.0018992080629276,0.0018546208231795,0.001762149155606
6450500,PRCP,1,0.0025293821126157,0.0025293821126157,0.0017570675477722,0.001024455731789,0.0011172198457386
6452000,PRCP,2,0.0065892653901337,0.0065892653901337,0.003967908005817,0.0030979219387124,0.0026197024856632
6453600,PRCP,1,0.0041425411413923,0.0041425411413923,0.0026741854214112,0.0025226712873257,0.0024462122927712
6464500,PRCP,1,0.0069945654151566,0.0069945654151566,0.0035262479621102,0.0031701932501839,0.002134748352449
6468170,Tair,16,0.0017972744668483,0.0011266418498884,0.0017620505562099,0.0017972744668483,0.000956514841511
6468250,SRAD,25,0.0022093313336688,0.0013621063609541,0.0022093313336688,0.0019092964128976,0.0012039743034239
6470800,SRAD,22,0.0019231730305916,0.0014825901727385,0.0019231730305916,0.0017821352630137,0.0012287640028453
6477500,PRCP,1,0.0064932687768506,0.0064932687768506,0.0021634561943224,0.0020514514333483,0.0020823760282171
6479215,SRAD,19,0.0022708974650371,0.0016149984555723,0.0022708974650371,0.0017200948712538,0.001039256570134
6479438,SRAD,17,0.0020619393910964,0.0017221266308111,0.0020619393910964,0.0020129845701977,0.001095760438401
6601000,SRAD,9,0.0019419532772651,0.0017326651553428,0.0019419532772651,0.0012731357899318,0.0014099225279148
6614800,SRAD,1,0.0058618402170068,0.0018541106890894,0.0058618402170068,0.0045513736807604,0.0042857223709577
6622700,SRAD,1,0.0080904376851752,0.0020222332032983,0.0080904376851752,0.0063301186009686,0.0057562686640332
6623800,SRAD,1,0.0064036569499661,0.0025485770666581,0.0064036569499661,0.0054914025481339,0.0045614158674423
6632400,SRAD,1,0.0069383098453942,0.0015211045475549,0.0069383098453942,0.005450683314454,0.0055682683704813
6746095,SRAD,2,0.0062995134774889,0.0021815683338644,0.0062995134774889,0.0048750113577323,0.0050867541986001
6784000,PRCP,1,0.0031002701718995,0.0031002701718995,0.0022716416551657,0.0022438128082914,0.0023877901145528
6803510,VP,2,0.0013176781569422,0.0007397154528409,0.0010328770851013,0.0010245095717711,0.0013176781569422
6803530,VP,5,0.0015099268924958,0.0008489683835236,0.0009273725104096,0.0012206214578086,0.0015099268924958
6814000,VP,4,0.0036923419385041,0.0034845717592381,0.0035006468083681,0.0032594388692552,0.0036923419385041
6847900,SRAD,28,0.001081639112258,0.0009164889997786,0.001081639112258,0.0008912403230681,0.0007902231784966
6853800,PRCP,1,0.0039419375192239,0.0039419375192239,0.0026039810372007,0.0020037205774613,0.0027301523740587
6876700,PRCP,1,0.0041014039908289,0.0041014039908289,0.0021863575542596,0.001531374429349,0.0018097375352732
6878000,PRCP,1,0.0101155513437387,0.0101155513437387,0.0031805711109263,0.0023236764178606,0.0034675508147418
6879650,SRAD,28,0.0018437890571432,0.0014752406835498,0.0018437890571432,0.0013805948469524,0.0017019405085669
6885500,PRCP,1,0.0050992858964869,0.0050992858964869,0.0031929881393895,0.0031141279388788,0.004353265380009
6888500,VP,1,0.00286855968606,0.0018853751499001,0.0026451052357086,0.0018735695097509,0.00286855968606
6889200,PRCP,1,0.0017314892361707,0.0017314892361707,0.0008518201255038,0.000805335941731,0.0008933800741981
6889500,PRCP,1,0.0029060764426838,0.0029060764426838,0.001797798803175,0.0014752107530658,0.0016670514631563
6892000,PRCP,1,0.0075210735005035,0.0075210735005035,0.0023297343959034,0.0019041444195,0.0027200942179313
6903400,PRCP,1,0.0010868004700207,0.0010868004700207,0.0009210611051719,0.000572806033331,0.0007095995468624
6906800,PRCP,1,0.0083259254879896,0.0083259254879896,0.0040443612556499,0.0019250506085653,0.0024961831535582
6910800,Tair,7,0.0013714589903241,0.0010209983513508,0.0009960027748585,0.0013714589903241,0.001196754123907
6911900,VP,1,0.0015096812605359,0.001241546410917,0.0013752164734414,0.0012642358714831,0.0015096812605359
6917000,PRCP,1,0.0025450403785174,0.0025450403785174,0.0012922119759177,0.0010023619689003,0.0011236784591506
6918460,PRCP,1,0.0027618259973269,0.0027618259973269,0.0013011048210154,0.001148206950661,0.0012089799800987
6919500,PRCP,1,0.0118021504952574,0.0118021504952574,0.0033990960118427,0.0032017359584852,0.0035251332057892
6921070,PRCP,1,0.0026555164417872,0.0026555164417872,0.0021941135580789,0.0020607189183913,0.0019580100080043
6921200,PRCP,1,0.0029599571199658,0.0029599571199658,0.0026017017958225,0.0022340227249838,0.0025656911335176
6934000,PRCP,2,0.0089296964657133,0.0089296964657133,0.0035518533922275,0.0025638923352119,0.002806657748869
7014500,PRCP,1,0.0159305933340948,0.0159305933340948,0.0037198970374535,0.0026791729012004,0.0029825871729971
7056000,PRCP,1,0.0033221911143624,0.0033221911143624,0.0019802347802334,0.0015825313593728,0.0013280794073253
7057500,PRCP,1,0.0037024834242371,0.0037024834242371,0.0022073026891754,0.0018076931838223,0.0016029471865744
7060710,PRCP,1,0.0010515887155643,0.0010515887155643,0.0009622298854899,0.0009166683981444,0.0007727167459177
7066000,PRCP,1,0.0061436885104514,0.0061436885104514,0.0024787941626107,0.0028377363114343,0.0024688299139561
7067000,PRCP,1,0.0084819740558945,0.0084819740558945,0.00458144495775,0.002971245208591,0.0028651431841293
7068000,PRCP,1,0.0130793938558919,0.0130793938558919,0.0044002420730027,0.0029936193822285,0.0029922432747422
7071500,PRCP,1,0.0042953840217137,0.0042953840217137,0.0025871100425341,0.0021887468792121,0.0020715271879402
7083000,SRAD,1,0.0093988494404207,0.002493186479524,0.0093988494404207,0.0063075808705338,0.0057978523059171
7142300,PRCP,3,0.0017431795307874,0.0017431795307874,0.0011482364143485,0.0007061986199773,0.0010250910327372
7145700,PRCP,1,0.0081627784257984,0.0081627784257984,0.0020234913004766,0.0016298949125915,0.0021101523839257
7148400,PRCP,1,0.0082293120467625,0.0082293120467625,0.0024417961750458,0.0027360300895594,0.0032823858310227
7149000,PRCP,1,0.0093569970127242,0.0093569970127242,0.0024978260041633,0.0020158641603365,0.0028710437738883
7151500,PRCP,1,0.0048575834083942,0.0048575834083942,0.001924670799157,0.0015206279138529,0.0019497224069288
7167500,SRAD,24,0.001566197497006,0.0011573296787972,0.001566197497006,0.0011907629971295,0.0014483728699945
7180500,VP,7,0.0020113135469456,0.0019624549571363,0.0016965536350026,0.0016407545245396,0.0020113135469456
7184000,PRCP,1,0.0043007485105955,0.0043007485105955,0.001700917629384,0.00096698612305,0.001224315034707
7195800,SRAD,25,0.0018104407565251,0.001641465271156,0.0018104407565251,0.0016142081307937,0.0016328416850011
7196900,SRAD,26,0.0025345634074449,0.0014673739128894,0.0025345634074449,0.0020035906078287,0.0020998865544391
7197000,PRCP,1,0.0032591632985488,0.0032591632985488,0.0014914286977307,0.0015733637242768,0.0016294484744891
7208500,SRAD,13,0.003827804158582,0.0028861562445528,0.003827804158582,0.0027298863676853,0.0023582910148961
7226500,PRCP,1,0.0034040432564001,0.0034040432564001,0.001083198504778,0.0014849196499204,0.0021296733255125
7261000,SRAD,1,0.0052136538258237,0.0035471203270687,0.0052136538258237,0.0038483544182695,0.0033735836773735
7263295,SRAD,1,0.003360315330156,0.0029138882533655,0.003360315330156,0.0023830527752152,0.0023695987617419
7290650,PRCP,1,0.006689365235825,0.006689365235825,0.0040156461261472,0.0034167890187268,0.0034439145934708
7291000,SRAD,1,0.0030193768581024,0.0023768487177709,0.0030193768581024,0.0025913408432967,0.0025347999269916
7292500,SRAD,1,0.0046380153312349,0.0042111183859115,0.0046380153312349,0.0039879517065173,0.0033396135692993
7295000,Tair,26,0.0037650715051036,0.0021605134902078,0.0031286907787976,0.0037650715051036,0.003666031545106
7299670,PRCP,1,0.004685279649757,0.004685279649757,0.0013049547033608,0.0011024473844573,0.0015473107633632
7301410,PRCP,1,0.0036290811120075,0.0036290811120075,0.0017988913549926,0.0017838546285608,0.0017376539850746
7301500,PRCP,1,0.002693138491429,0.002693138491429,0.0014556646971527,0.001300809415281,0.0015925078194482
7315200,PRCP,1,0.0031208706703465,0.0031208706703465,0.0011088749560767,0.0008098571041664,0.0011976011370903
7315700,PRCP,1,0.0062355712643629,0.0062355712643629,0.0023558232415003,0.0011625143375266,0.001673298694081
7335700,SRAD,1,0.0052675086517818,0.002332690165346,0.0052675086517818,0.0027284706313131,0.0026923134962746
7340300,SRAD,1,0.005577297046144,0.003754660483305,0.005577297046144,0.0035476989262007,0.0030493451592434
7346045,PRCP,3,0.0061011876258187,0.0061011876258187,0.0036541427487921,0.0022951112564842,0.0021987568973048
7359610,SRAD,1,0.002541162476013,0.0022059151295457,0.002541162476013,0.0016928149077006,0.0015325818722007
7362100,PRCP,1,0.0069234894363976,0.0069234894363976,0.0031140936992611,0.0019039605171563,0.002134173443187
7362587,SRAD,1,0.0025462887235536,0.0014516069162935,0.0025462887235536,0.0016198085570408,0.0015345528728406
7373000,PRCP,1,0.0031844102034371,0.0031844102034371,0.0029080741481585,0.0014854386486357,0.0013771327036615
7375000,PRCP,1,0.005885135495193,0.005885135495193,0.0029157855693692,0.0011632212217352,0.0016943910274963
7376000,PRCP,2,0.0104637329094506,0.0104637329094506,0.0048162050199234,0.0021042931282189,0.0022139361543663
8013000,PRCP,3,0.0074577071591075,0.0074577071591075,0.0040132141126315,0.0025759181766124,0.0024874535254663
8014500,PRCP,2,0.0076927351506943,0.0076927351506943,0.0035771577658404,0.0029467757650194,0.0033913599250988
8023080,PRCP,1,0.0154034630137905,0.0154034630137905,0.0064441762975122,0.0040053385844551,0.0035452313281356
8025500,PRCP,1,0.0061789592238498,0.0061789592238498,0.0029656550918202,0.0023718243298487,0.0025193718026015
8029500,SRAD,1,0.0011159761224727,0.0008815926792258,0.0011159761224727,0.0006884232223559,0.0006845893474274
8050800,VP,1,0.0015602112955436,0.0013565128606663,0.0013450043726559,0.0014313139263654,0.0015602112955436
8066200,PRCP,1,0.0016274394097959,0.0016274394097959,0.0014563437940558,0.0008381990490451,0.0012746228472182
8066300,PRCP,1,0.0047527456317287,0.0047527456317287,0.0029959916107339,0.0016136105423949,0.0019432892970183
8070000,PRCP,1,0.0023227304338161,0.0023227304338161,0.001328296631661,0.0007289313356536,0.0009619585188249
8070200,PRCP,1,0.0023867865833628,0.0023867865833628,0.0011662909141178,0.0009840758415554,0.0008811990633172
8079600,PRCP,1,0.0013482173233153,0.0013482173233153,0.0010901258083256,0.0010090543445169,0.0012134410134265
8082700,PRCP,1,0.0010704022113527,0.0010704022113527,0.0003507557267865,0.0003022782137193,0.0005433293475912
8086212,PRCP,1,0.002426885561836,0.002426885561836,0.0014532732760948,0.0010994092095928,0.0014127507120508
8086290,PRCP,1,0.0012573771606799,0.0012573771606799,0.0005741630489968,0.000477339052282,0.0006430325253028
8101000,SRAD,1,0.0018867041459323,0.0016623091590349,0.0018867041459323,0.0012392736794474,0.0012915771095769
8103900,VP,11,0.002183670133452,0.0019633203037282,0.0017749893915887,0.0014076123440033,0.002183670133452
8104900,SRAD,1,0.0014374383901196,0.001348938315893,0.0014374383901196,0.0004787978913728,0.0005364304535171
8109700,PRCP,1,0.0070785625810635,0.0070785625810635,0.0032056580225391,0.0017810159150464,0.0016100225967243
8150800,PRCP,1,0.0012892947550577,0.0012892947550577,0.0010957784588363,0.0008515083044551,0.0008859763752207
8155200,PRCP,1,0.0029440883818391,0.0029440883818391,0.0026947768648042,0.0017865156167066,0.0020838162457482
8158700,PRCP,2,0.0032848825257227,0.0032848825257227,0.0031082022115468,0.0020637347751162,0.0028701212993997
8158810,SRAD,1,0.0014267941835813,0.0014042560258959,0.0014267941835813,0.0009215483354875,0.0012418144100101
8164000,PRCP,1,0.0032594153344511,0.0032594153344511,0.0011211005507762,0.0007083802442463,0.0009577514802729
8164300,PRCP,1,0.0053532567083223,0.0053532567083223,0.0024392304786298,0.0013269589814111,0.0018571802596571
8164600,PRCP,1,0.0085061485016185,0.0085061485016185,0.0029024121537219,0.0014208330809971,0.0022526876270782
8165300,VP,15,0.0012965945138919,0.000605145363769,0.0011239571038565,0.0007392935387412,0.0012965945138919
8171300,PRCP,2,0.0021953851558067,0.0021953851558067,0.0020162452999692,0.0011584463143711,0.0015271511857576
8175000,PRCP,1,0.0046159234218963,0.0046159234218963,0.0010866619546274,0.0006836132273583,0.0012618737819187
8176900,PRCP,1,0.0048270518193669,0.0048270518193669,0.0022998321372636,0.0009088895645733,0.0015610778165038
8178880,PRCP,1,0.0012714158680028,0.0012714158680028,0.0004712381700996,0.0002274193972118,0.0004829541585104
8189500,PRCP,1,0.0074670138196852,0.0074670138196852,0.0023088348889549,0.0010521732359632,0.0014720082063607
8190000,PRCP,2,0.0015579385825362,0.0015579385825362,0.0013952193147601,0.0007912990399815,0.0013456004964474
8190500,PRCP,1,0.0012128103581924,0.0012128103581924,0.0010673408159755,0.0005867426225827,0.0008926343998801
8194200,PRCP,2,0.0044098866757254,0.0044098866757254,0.0016091147993402,0.0009187958219603,0.0019188379803413
8195000,PRCP,1,0.0022173296157704,0.0022173296157704,0.0015660275206809,0.0009984767188564,0.0016167168217726
8196000,PRCP,1,0.001093563191069,0.001093563191069,0.0008626134255835,0.0006149597768697,0.0010237962127475
8198500,PRCP,1,0.0014173633789212,0.0014173633789212,0.0010776893204296,0.0006107617369797,0.0009940697824762
8200000,PRCP,1,0.0005684979121687,0.0005684979121687,0.0004226587072755,0.0003818890261064,0.0005511659820264
8202700,VP,18,0.0012386044419936,0.0012279750527111,0.001115888194007,0.0006897196663278,0.0012386044419936
8267500,SRAD,2,0.0064755710072102,0.001432033391055,0.0064755710072102,0.0043336770218272,0.0024978829346919
8269000,SRAD,2,0.006339797613819,0.0013342920963632,0.006339797613819,0.0036388587250108,0.0025263234656303
8271000,SRAD,1,0.007636091449166,0.0017456846352033,0.007636091449166,0.0057196647258071,0.0026798400071293
8324000,SRAD,2,0.0047586475884892,0.0025157129049405,0.0047586475884892,0.0036310816405056,0.0021360967156295
8377900,Tair,1,0.0038405275390809,0.0026837191479091,0.0034761924469417,0.0038405275390809,0.0023486139699556
8378500,SRAD,19,0.0043016319076795,0.0029280613323272,0.0043016319076795,0.0032390086663937,0.0031908242494996
8380500,PRCP,1,0.0034211245311727,0.0034211245311727,0.0013645945224866,0.0013508495417781,0.001961179174631
9034900,SRAD,1,0.0062579338524177,0.0015006075798663,0.0062579338524177,0.0046062792477746,0.0048126049160803
9035800,SRAD,1,0.0053438814622648,0.0013098573835563,0.0053438814622648,0.0046737520238789,0.0045591905105566
9035900,SRAD,1,0.0058140747389688,0.0021767953516866,0.0058140747389688,0.0051053855415068,0.004441548195175
9047700,SRAD,1,0.0030379342954982,0.0012016396111164,0.0030379342954982,0.0026221148224488,0.0023912839493505
9065500,SRAD,1,0.0090053470097559,0.0022451075624185,0.0090053470097559,0.0067257713885314,0.0074129644719159
9066000,SRAD,2,0.0060974867613065,0.0019576291350851,0.0060974867613065,0.0053417971072093,0.0043642998085525
9066200,SRAD,1,0.0089685482624444,0.003123754136889,0.0089685482624444,0.0072685665962018,0.0083909093107437
9066300,SRAD,1,0.0043403842123085,0.0013459413480289,0.0043403842123085,0.0036968237623582,0.0033244090305369
9081600,SRAD,1,0.0126379228040039,0.0038043787190507,0.0126379228040039,0.0056780931779983,0.0054500524118886
9107000,SRAD,1,0.0098157185381942,0.0027456697266179,0.0098157185381942,0.0067204495349584,0.0040861201320879
9210500,SRAD,2,0.0076033686518843,0.002231912126132,0.0076033686518843,0.0070794654320767,0.0025888660756803
9223000,SRAD,2,0.0057235996614217,0.0017545595234487,0.0057235996614217,0.0038805451389971,0.0029201655368437
9306242,SRAD,14,0.0013096879624424,0.0010254960295712,0.0013096879624424,0.0010349818793172,0.0010733528309351
9312600,SRAD,9,0.0027342157526792,0.0012357863972984,0.0027342157526792,0.0022740114874825,0.0017372450966018
9352900,Tair,1,0.0105411783969422,0.0049338937871141,0.0101219132734052,0.0105411783969422,0.0081458535326389
9378170,SRAD,3,0.0057378188776607,0.0025715776745703,0.0057378188776607,0.0023044465340488,0.0021292299353004
9378630,SRAD,1,0.004186691210676,0.0020709137992431,0.004186691210676,0.0030584015837954,0.0022984380899782
9386900,SRAD,8,0.0017467274175252,0.0009796139805978,0.0017467274175252,0.0016803633317469,0.0009614702706149
9404450,SRAD,2,0.0018602557999803,0.0016173865191771,0.0018602557999803,0.0014855463972967,0.0010636191287825
9430500,PRCP,1,0.0041649018764335,0.0041649018764335,0.0024655714447916,0.0009246451817502,0.0015038380728077
9430600,PRCP,1,0.0026259323142548,0.0026259323142548,0.001868681625468,0.0010481235506459,0.0012184952192416
9447800,PRCP,1,0.0014500075741663,0.0014500075741663,0.0009153523854177,0.000545742012666,0.0003923690004127
9480000,PRCP,1,0.0031540515842367,0.0031540515842367,0.001841220762602,0.0011239734224361,0.0017396881857291
9484000,PRCP,1,0.0030371045609284,0.0030371045609284,0.0029537437400153,0.002868724218302,0.0018759403426746
9484600,PRCP,1,0.0070815879950279,0.0070815879950279,0.0035978852781289,0.005262172684117,0.0057054225247932
9492400,SRAD,2,0.0024538536295767,0.0018903237000155,0.0024538536295767,0.0015617366104354,0.0018521885482379
9494000,SRAD,1,0.0038984557772076,0.003580862070357,0.0038984557772076,0.0025845718483643,0.0022746375328724
9497800,PRCP,1,0.004633352475106,0.004633352475106,0.0029274908861631,0.0020941411025115,0.0014036055981024
9497980,PRCP,1,0.0042380399957409,0.0042380399957409,0.0034704109013796,0.0018565231488181,0.0012407002282499
9505200,PRCP,1,0.0029908535826174,0.0029908535826174,0.002208952611394,0.0017717070160291,0.0010933883738255
9505350,SRAD,1,0.0043728033330895,0.0043147553030584,0.0043728033330895,0.0031073916044563,0.0020975377675458
9505800,SRAD,1,0.0026383650058014,0.0020362670683941,0.0026383650058014,0.0015211002314,0.000951002042022
9508300,SRAD,1,0.0051146284720755,0.003846123963997,0.0051146284720755,0.0022815989297968,0.0015349730554646
9510200,SRAD,1,0.0046504835166439,0.0044707290301322,0.0046504835166439,0.0028271157015378,0.0014900429921579
9512280,PRCP,1,0.0025456044071033,0.0025456044071033,0.0016632421225485,0.0012291457593553,0.0007098265001395
9513780,PRCP,1,0.0036744634311839,0.0036744634311839,0.0028038380869755,0.0013502710313965,0.0006360617731908
10023000,SRAD,2,0.0036162868631149,0.0017578098841827,0.0036162868631149,0.0022775434155624,0.0025434994633788
10166430,SRAD,3,0.0037872046512514,0.002404174294212,0.0037872046512514,0.0031610917722614,0.0037628548639993
10172700,SRAD,3,0.0031007684273748,0.0021415599505598,0.0031007684273748,0.0019547729742717,0.0016709682660772
10172800,SRAD,3,0.0061449778192783,0.0019947156607662,0.0061449778192783,0.004480797341755,0.0043345407497165
10173450,SRAD,1,0.0053910436026269,0.0008722464153351,0.0053910436026269,0.00370836465512,0.0020317900214059
10205030,SRAD,26,0.0033959665254673,0.0013750011093683,0.0033959665254673,0.0030124300076174,0.0021798036645135
10234500,SRAD,1,0.0050449863910425,0.0019009601308758,0.0050449863910425,0.0030270091682982,0.0017663723625789
10242000,SRAD,1,0.0037778569603757,0.0018861270390235,0.0037778569603757,0.0035919349128464,0.0022657597528831
10244950,SRAD,21,0.0031631413761405,0.0014442777419383,0.0031631413761405,0.0022680956161163,0.001569429723696
10249300,SRAD,29,0.0020798363063338,0.0011629924083247,0.0020798363063338,0.0017496934376064,0.0010706682595571
10258000,PRCP,1,0.0023173893956685,0.0023173893956685,0.0019319329216737,0.0018516597818202,0.0011668735976198
10258500,PRCP,1,0.0024494739246607,0.0024494739246607,0.0018020039085405,0.0021870080007053,0.0015276877607829
10259000,PRCP,1,0.0037995215909481,0.0037995215909481,0.003531657690188,0.0019804106698077,0.0013097021282519
10259200,PRCP,1,0.0036411472627221,0.0036411472627221,0.0025061845702632,0.002480309899089,0.0014498881198074
10263500,PRCP,1,0.0042684889069879,0.0042684889069879,0.0024290459567728,0.0023933709419757,0.0016070177770066
10310500,PRCP,2,0.0018693277862438,0.0018693277862438,0.0013883062075149,0.0012139129065126,0.0010288802211707
10316500,SRAD,1,0.0082372901165349,0.0025147011615872,0.0082372901165349,0.0064393161430638,0.0074684258441604
10329500,PRCP,1,0.0038704435058306,0.0038704435058306,0.0028789295683868,0.00317650398464,0.0033222776712449
10336645,PRCP,1,0.0075363953789179,0.0075363953789179,0.0070467365948997,0.0047738940371122,0.0043727075948695
10336660,PRCP,1,0.0043588962559603,0.0043588962559603,0.001961548032611,0.0012715731186981,0.0009234765893563
10336740,SRAD,2,0.0062162159257052,0.0041033677558506,0.0062162159257052,0.0033288770687141,0.0024546855096905
10343500,PRCP,1,0.0034433391598021,0.0034433391598021,0.0016806754021422,0.0017105793428183,0.0008640789314801
10348850,PRCP,11,0.0010373447649748,0.0010373447649748,0.0007390184282842,0.0006471791229658,0.0004327578735045
10396000,VP,1,0.00686256920049,0.006012940627012,0.0056561231483515,0.0049735940231771,0.00686256920049
11098000,PRCP,1,0.0038996457497207,0.0038996457497207,0.0033206781251382,0.0023546645716418,0.0008934044336836
11124500,PRCP,1,0.0044216106308198,0.0044216106308198,0.0036677312572828,0.0028639751590241,0.0022671281765472
11141280,PRCP,1,0.0066217030527135,0.0066217030527135,0.005690814959202,0.002969755501325,0.0049952588159793
11143000,PRCP,1,0.0095103898593187,0.0095103898593187,0.0068272464262159,0.0030800720440806,0.0034569144798728
11148900,PRCP,1,0.006797177251847,0.006797177251847,0.0061899516089161,0.0021298739005509,0.0038532263635314
11151300,PRCP,1,0.0023229697034423,0.0023229697034423,0.0012262543968289,0.0010234567613248,0.0011245731393468
11162500,PRCP,1,0.0077092632727892,0.0077092632727892,0.0067072587467984,0.0030643932902284,0.0033061677673156
11176400,PRCP,1,0.0079134620650451,0.0079134620650451,0.0059582732995842,0.0034994276893968,0.0027460541746196
11180500,PRCP,2,0.0048502388446641,0.0048502388446641,0.0037218700572339,0.0025922335267829,0.0026451527453026
11180960,PRCP,1,0.0063527473042999,0.0063527473042999,0.003724881133454,0.0030548914405002,0.0032103559400811
11224500,PRCP,4,0.0010401474362065,0.0010401474362065,0.0008229620540737,0.0007978153513434,0.0010360281737208
11230500,SRAD,1,0.0051447799011211,0.0019548781442743,0.0051447799011211,0.0037694019283152,0.0020971302452717
11237500,SRAD,1,0.0040413286015726,0.0026342163455189,0.0040413286015726,0.002567139843235,0.0023441067805352
11253310,PRCP,1,0.0015669235648266,0.0015669235648266,0.0015306387643947,0.0011954227407709,0.001048409623969
11264500,SRAD,2,0.0080173928007032,0.0020589454533832,0.0080173928007032,0.0055596457261161,0.0044562327648553
11266500,SRAD,1,0.0041862405118821,0.0025329019799631,0.0041862405118821,0.0039674079116222,0.0038448656993807
11274500,PRCP,1,0.0050204199715904,0.0050204199715904,0.0040319758369831,0.0024549149274607,0.0018515625882919
11274630,PRCP,1,0.0041612201696774,0.0041612201696774,0.0024832316952166,0.001946179060309,0.0015014318072466
11284400,PRCP,1,0.0057341360419287,0.0057341360419287,0.0040593831724326,0.0038658870652461,0.001683725957489
11299600,PRCP,1,0.0052561519298091,0.0052561519298091,0.0050011244263922,0.0033774606657648,0.0018331607006464
11381500,PRCP,1,0.0045036401554491,0.0045036401554491,0.0030997058351897,0.0021200752516267,0.0009514394017565
11383500,PRCP,1,0.0050170675147996,0.0050170675147996,0.0031866389554844,0.0022499547734449,0.0009384856734571
11451100,PRCP,1,0.0065056069511373,0.0065056069511373,0.0045560216050512,0.0037487936709236,0.0013662857684857
11468500,PRCP,1,0.009495578000947,0.009495578000947,0.0059849841300155,0.0032607423660905,0.0026699355420577
11473900,PRCP,1,0.009035346001548,0.009035346001548,0.0054852513952535,0.0038422519422736,0.0018480514866717
11475560,PRCP,1,0.0062555002589374,0.0062555002589374,0.0042563320895073,0.0025771404929363,0.0012461608014106
11476600,PRCP,1,0.0117100760626953,0.0117100760626953,0.0080277538465255,0.0043321988851389,0.0029532881915655
11478500,PRCP,1,0.0154508172030431,0.0154508172030431,0.0106779613273855,0.0072890248077132,0.0041199164177309
11480390,PRCP,1,0.0136867101185726,0.0136867101185726,0.0085351119906681,0.0063789198820908,0.0020513902697129
11481200,PRCP,1,0.0114882667831342,0.0114882667831342,0.0094392672472832,0.0037704018675806,0.0030282670485942
11482500,PRCP,1,0.0157357409163735,0.0157357409163735,0.0117825841841795,0.0061354412193295,0.0038460853796126
11522500,PRCP,1,0.0059263397401492,0.0059263397401492,0.0031988760873428,0.0021450385364174,0.0012351610512025
11523200,PRCP,1,0.0053609215315547,0.0053609215315547,0.0039617848157813,0.002756009438511,0.0031186748316963
11528700,PRCP,1,0.0090162084473696,0.0090162084473696,0.0047106236970228,0.0037708053789699,0.0020185309454359
11532500,SRAD,1,0.0169400980544998,0.0160788686859885,0.0169400980544998,0.0080426531791259,0.0045535307387641
12010000,PRCP,1,0.0209293907803669,0.0209293907803669,0.0151120442219899,0.006169803135278,0.0048630877588587
12013500,PRCP,1,0.0303466033422961,0.0303466033422961,0.0185065578414813,0.0083639102155253,0.0067645307945362
12020000,PRCP,1,0.002317261757042,0.002317261757042,0.0010623440239846,0.0007553531845876,0.0006186875153258
12025000,PRCP,1,0.0185659229902438,0.0185659229902438,0.0143401483183687,0.0083274821284914,0.0053965503932328
12025700,PRCP,1,0.011809181779563,0.011809181779563,0.0073888659440098,0.0046671748068777,0.0029235904229199
12035000,PRCP,1,0.0274929798401789,0.0274929798401789,0.01151496883833,0.007010753967024,0.0053083419243097
12040500,PRCP,1,0.0257634020899278,0.0257634020899278,0.0170838373497871,0.0078413670045266,0.0063760471065633
12041200,PRCP,1,0.029015682793847,0.029015682793847,0.0157353773189914,0.0076251255140629,0.0055002625022225
12043000,PRCP,1,0.0237017475553887,0.0237017475553887,0.0140477471375549,0.007752130691134,0.0052032283064701
12048000,PRCP,1,0.0162178352666615,0.0162178352666615,0.0071839904891255,0.0050111482294252,0.0035750278081146
12054000,PRCP,1,0.0185876527533496,0.0185876527533496,0.0089481156705879,0.0054199983359631,0.0033242894428171
12056500,PRCP,1,0.0176905814311455,0.0176905814311455,0.0077418950753891,0.004359938163876,0.0025181647296738
12073500,PRCP,1,0.0060726190675943,0.0060726190675943,0.0044619453032085,0.0030568741301719,0.0024092456103261
12082500,PRCP,1,0.0101308976582238,0.0101308976582238,0.0054581670332687,0.0037569202572132,0.0029026911254748
12092000,PRCP,1,0.0095367603376649,0.0095367603376649,0.0045234152388085,0.0024680019096317,0.0016343785272839
12095000,PRCP,1,0.0068733633224331,0.0068733633224331,0.0028726790270449,0.0032850867250488,0.0028522589118145
12114500,PRCP,1,0.0132738587408948,0.0132738587408948,0.0045319900612792,0.0035581924500295,0.0028093723563672
12115000,PRCP,1,0.0143035046477174,0.0143035046477174,0.0040584202745383,0.0040472800833608,0.0030139732853946
12115500,PRCP,1,0.0124985444364951,0.0124985444364951,0.0056770908766559,0.004834039868136,0.003744502025443
12117000,PRCP,1,0.0095211246546985,0.0095211246546985,0.0047203695090525,0.0037324461578524,0.0026584452840179
12141300,PRCP,1,0.0224549681098937,0.0224549681098937,0.0071337912938966,0.0047531467474672,0.0041105585265558
12143600,PRCP,1,0.0176092597341241,0.0176092597341241,0.0049360252150555,0.0036484358523151,0.0026621223194416
12144000,PRCP,1,0.0224782421853668,0.0224782421853668,0.0071193887432912,0.0051388056657124,0.0039761720483257
12145500,PRCP,1,0.0166354424902126,0.0166354424902126,0.0086121045430726,0.0062223725063445,0.0049263932228673
12147500,PRCP,1,0.0113587526800378,0.0113587526800378,0.0069241493048061,0.0050366402830182,0.0046976714604264
12147600,PRCP,1,0.0115059525620811,0.0115059525620811,0.0078147227385243,0.0055474859665194,0.0038340177071417
12167000,PRCP,1,0.0165611602430221,0.0165611602430221,0.011210139337953,0.0069478631175012,0.0057422346344732
12175500,SRAD,2,0.0085992040826255,0.0077463949957889,0.0085992040826255,0.0080216907034463,0.0081709803447336
12178100,PRCP,1,0.0044653989911389,0.0044653989911389,0.0022654508883989,0.0013262167516967,0.0013618149237719
12186000,PRCP,1,0.0050339733480851,0.0050339733480851,0.0019300307358597,0.001789174579328,0.001489550098078
12189500,PRCP,1,0.0165288458818064,0.0165288458818064,0.0055489291827095,0.0036200066519761,0.0030744953042907
12358500,SRAD,2,0.0149301569888051,0.0039235743866583,0.0149301569888051,0.0088547511606046,0.0101294881070799
12374250,SRAD,2,0.0042835875623149,0.0017471007510146,0.0042835875623149,0.0038509703405476,0.0023636799740619
12375900,SRAD,3,0.008512665009648,0.0025133168157996,0.008512665009648,0.0056954393968523,0.0080052752050797
12377150,SRAD,2,0.0168427320836098,0.0045113280597137,0.0168427320836098,0.0121420559907333,0.0137929213572239
12381400,SRAD,2,0.0084752464027003,0.0015329574553888,0.0084752464027003,0.0049092151217721,0.003993941553341
12383500,SRAD,2,0.010208721829179,0.0027798274011417,0.010208721829179,0.0068419981212509,0.0092228270148476
12388400,SRAD,2,0.009508772053647,0.0025327960951487,0.009508772053647,0.0069009866967226,0.0048834134752283
12390700,SRAD,2,0.0061995025705015,0.0034230870682749,0.0061995025705015,0.0041197065915917,0.0041644935898197
12411000,PRCP,1,0.0067917014834212,0.0067917014834212,0.0054996957962706,0.0064847189452267,0.0049619775525416
12414500,SRAD,3,0.0096430927319881,0.0065096884890104,0.0096430927319881,0.0086750612477649,0.0062798094536303
12447390,SRAD,1,0.0081832807539665,0.0016360177187104,0.0081832807539665,0.0065801778304022,0.0034766107320201
12451000,SRAD,1,0.0169584207042394,0.0071554553718101,0.0169584207042394,0.0122336038503924,0.0089110957066557
12488500,SRAD,1,0.0093346970250755,0.0083199839718089,0.0093346970250755,0.0079088821931071,0.0080580829840048
13011500,SRAD,1,0.0089846247710723,0.0025361580266958,0.0089846247710723,0.0064040477507803,0.0038044643844666
13011900,SRAD,1,0.0112863687419412,0.0024190833263559,0.0112863687419412,0.0080613725780834,0.0057067593901294
13018300,Tair,7,0.0051104444313034,0.0011574929706684,0.0042151758658503,0.0051104444313034,0.0033047769559594
13023000,Tair,1,0.0100761037529547,0.0019501869429238,0.0096384729564548,0.0100761037529547,0.0058351709954778
13083000,SRAD,3,0.0030298637344526,0.0020085997703154,0.0030298637344526,0.0020324918611217,0.0018064906412433
13161500,SRAD,3,0.0033386925219023,0.0032361796149398,0.0033386925219023,0.0031472010441728,0.0030558702820718
13235000,SRAD,2,0.011350465946013,0.002760488712287,0.011350465946013,0.0095471780988087,0.0079757053618352
13240000,SRAD,2,0.0063995457284097,0.0018297481748401,0.0063995457284097,0.0063430511674702,0.0048195174777081
13310700,Tair,1,0.009995624200087,0.0047950407391891,0.0096741172200842,0.009995624200087,0.0064829028484574
13313000,Tair,1,0.0082902349618994,0.0032225502251132,0.0078494595118941,0.0082902349618994,0.0033568588759619
13331500,SRAD,2,0.0113408961969549,0.0045189112933062,0.0113408961969549,0.0101776980464178,0.0085714271960277
13337000,SRAD,2,0.0116936424877367,0.0039524621763507,0.0116936424877367,0.0115253892067614,0.0056718964562965
13338500,SRAD,2,0.0080940659357879,0.0032978034479493,0.0080940659357879,0.0079765421530967,0.0049160819593461
13340000,Tair,1,0.0121594695056505,0.005130441935736,0.0111697670818791,0.0121594695056505,0.0070368916577616
13340600,Tair,1,0.0114675922009315,0.0061257657298121,0.0104423372122527,0.0114675922009315,0.007940439488433
14020000,PRCP,1,0.0104040237145006,0.0104040237145006,0.0029020116411708,0.0047103004018956,0.0047876804924565
14092750,PRCP,1,0.0094151667751529,0.0094151667751529,0.0028338556414018,0.0028182241729705,0.0013212698136377
14096850,PRCP,1,0.0050648839306129,0.0050648839306129,0.002466154794125,0.0025296199796303,0.0013205843360076
14137000,PRCP,1,0.0141336258782975,0.0141336258782975,0.0048279595305446,0.0041085264022898,0.0026783535822077
14138800,PRCP,1,0.01823090025271,0.01823090025271,0.00787381028404,0.0057853399444906,0.0039528238320671
14138870,PRCP,1,0.0128651541168193,0.0128651541168193,0.006811583614636,0.0045046236105381,0.0033602922056359
14138900,PRCP,1,0.0188897372885271,0.0188897372885271,0.0088269368449771,0.0060311796925709,0.0040871641994118
14139800,PRCP,1,0.0219976690763605,0.0219976690763605,0.008119311406749,0.0063470903228956,0.0047264202450849
14141500,PRCP,1,0.0216569506912271,0.0216569506912271,0.0096776619023163,0.0061213016205247,0.0045454045524171
14154500,PRCP,1,0.0157421523876729,0.0157421523876729,0.010947175149569,0.0074798470504067,0.0039872766430391
14158500,PRCP,1,0.0187361078487606,0.0187361078487606,0.0080175491053335,0.0066843852560036,0.0051204517607387
14158790,PRCP,1,0.0182490790840703,0.0182490790840703,0.0096776274355648,0.0064335961393818,0.0044628004742062
14166500,PRCP,1,0.0286973402999062,0.0286973402999062,0.012385288208399,0.0076982718057669,0.0051495707262603
14182500,PRCP,1,0.0065473101252285,0.0065473101252285,0.004068171525558,0.00292264118354,0.0017988683885046
14185000,PRCP,1,0.0168010487920584,0.0168010487920584,0.0095982386153101,0.0056537747176183,0.0032569649382314
14185900,PRCP,1,0.0246919205042824,0.0246919205042824,0.0147887881283458,0.0079356137764367,0.0042883958008782
14187000,PRCP,1,0.0116952990886025,0.0116952990886025,0.0104616474701689,0.006258688312356,0.0035281130915642
14216500,PRCP,1,0.014155502980447,0.014155502980447,0.0039821795264221,0.0032324318877652,0.002352568971764
14222500,PRCP,1,0.0111543217669059,0.0111543217669059,0.0062861815848878,0.0049255880242029,0.0030800022211851
14236200,PRCP,1,0.0115932079118411,0.0115932079118411,0.0072359559130724,0.0052058279526588,0.003768256723139
14301000,PRCP,1,0.0249464671217908,0.0249464671217908,0.0123570134490132,0.0071178953277817,0.0050347350698976
14303200,PRCP,1,0.0215041273553413,0.0215041273553413,0.010389051589608,0.006514377691105,0.0039521610807684
14305500,PRCP,1,0.0200011104275427,0.0200011104275427,0.012934533842788,0.0068787050049813,0.0042318934064202
14306340,PRCP,1,0.0210461910350162,0.0210461910350162,0.0100586106391499,0.0067043642103414,0.0039287751805866
14306500,PRCP,1,0.0341391693766854,0.0341391693766854,0.0172388127271831,0.0099393388022788,0.0053074916351301
14308990,PRCP,1,0.0099208280880365,0.0099208280880365,0.0057789281720692,0.0041402131838749,0.0022158203362885
14309500,SRAD,1,0.0140277711713741,0.0135246154838319,0.0140277711713741,0.0084277177264731,0.0041585708046283
14316700,PRCP,1,0.019048748332281,0.019048748332281,0.0152550476518398,0.0104064828065029,0.0053949026315286
14325000,SRAD,1,0.0163306045073669,0.0144745852604907,0.0163306045073669,0.0087105035057027,0.0053064676370049
14362250,PRCP,1,0.0025114921289274,0.0025114921289274,0.0011915120976049,0.0010282903605081,0.0006643042199335
14400000,PRCP,1,0.0199226756082969,0.0199226756082969,0.0181409041298531,0.0098332618720026,0.0041148998744037
