gauge_id,huc_02,dominant_forcing,dominant_lag,rank1_TE,rank2_forcing,rank2_TE,margin,plateau_width,is_robust,region
01013500,1,Tair,14,0.0048878833883407,SRAD,0.0030632665038131,0.3732938655778788,2,True,Northeast
01022500,1,PRCP,1,0.0166805733564089,Tair,0.0083002251135609,0.5024016899052308,1,True,Northeast
01030500,1,PRCP,1,0.0134275816762943,Tair,0.0074603722373123,0.4443994147893957,1,True,Northeast
01031500,1,PRCP,1,0.0038589515480295,VP,0.0015973129392197,0.5860759277904546,1,True,Northeast
01047000,1,PRCP,1,0.0022771925556681,Tair,0.0015412782745708,0.3231673488768243,1,True,Northeast
01052500,1,Tair,1,0.0066120198948291,SRAD,0.0054710882352533,0.17255417825770006,1,False,Northeast
01054200,1,Tair,12,0.0037378576441534,VP,0.003327869905504,0.10968522016633929,1,False,Northeast
01055000,1,SRAD,2,0.0035159246617638,VP,0.003184383862478,0.09429690086689155,1,False,Northeast
01057000,1,PRCP,1,0.0022553647421092,Tair,0.0017499583378014,0.22409076229290875,1,True,Northeast
01073000,1,PRCP,1,0.0056891769999337,Tair,0.0028506196732101,0.498939886517273,1,True,Northeast
01078000,1,PRCP,1,0.0040309908767237,VP,0.003792717325043,0.05911041700852548,1,False,Northeast
01118300,1,PRCP,1,0.0041191367215902,Tair,0.0019076214283969,0.5368880526838984,1,True,Northeast
01121000,1,Tair,25,0.0030093761529104,VP,0.0028231668629654,0.06187637586112822,2,False,Northeast
01123000,1,PRCP,1,0.0053248579832909,Tair,0.0026990401657905,0.49312447876357757,1,True,Northeast
01134500,1,PRCP,1,0.0077420425534474,Tair,0.0064513537251381,0.16671166806420853,1,False,Northeast
01137500,1,SRAD,2,0.0051557637757875,Tair,0.0046173946421107,0.10442083017943711,2,False,Northeast
01139000,1,SRAD,2,0.0075702468642309,Tair,0.0067175282241053,0.11264079698043399,1,False,Northeast
01139800,1,SRAD,1,0.008486919008784,Tair,0.0066271408224465,0.21913466882535598,1,True,Northeast
01142500,1,Tair,13,0.0029607460051645,SRAD,0.0029503376175203,0.003515461179731225,7,False,Northeast
01144000,1,Tair,13,0.0042858177017838,VP,0.003629315863565,0.15318006595230535,3,False,Northeast
01162500,1,PRCP,1,0.0083302631617389,Tair,0.0041888416343064,0.49715374496860415,1,True,Northeast
01169000,1,Tair,25,0.0022491391373722,SRAD,0.0018934375937199,0.15815008406633596,4,False,Northeast
01170100,1,Tair,26,0.0032015516533556,VP,0.0027230456508276,0.14946065356355248,3,False,Northeast
01181000,1,Tair,25,0.0016477936514809,VP,0.0014107365856269,0.1438633202894992,1,False,Northeast
01187300,1,Tair,12,0.0017901054111375,VP,0.0016219220513133,0.09395165154957555,3,False,Northeast
01195100,1,PRCP,1,0.0032261253695324,SRAD,0.0017636702290642,0.4533162766331585,1,True,Northeast
01333000,2,Tair,23,0.0067962756707259,VP,0.0062615024504876,0.07868621670862595,4,False,Northeast
01350000,2,Tair,24,0.0014534942848165,SRAD,0.0012702598372992,0.12606478706617893,1,False,Northeast
01350080,2,SRAD,26,0.0026037850446072,Tair,0.0021164762669349,0.18715399671012936,1,False,Northeast
01350140,2,Tair,27,0.0045376971505355,VP,0.0037121929520026,0.1819213956214511,4,False,Northeast
01365000,2,PRCP,1,0.00229053603036,Tair,0.0021401165656507,0.06566998410658428,1,False,Northeast
01411300,2,PRCP,1,0.0094984241843267,SRAD,0.0034262761417212,0.6392795188727326,1,True,Northeast
01413500,2,Tair,25,0.0021778773547274,VP,0.0018257984107079,0.1616615110374611,8,False,Northeast
01414500,2,Tair,24,0.0028737186597897,VP,0.0026862382834794,0.06523964190844608,7,False,Northeast
01415000,2,Tair,23,0.0023859164299531,VP,0.0021859887444086,0.08379492384334264,4,False,Northeast
01423000,2,Tair,11,0.0033443844142257,VP,0.0031413653618251,0.06070446074830289,7,False,Northeast
01434025,2,Tair,12,0.0027830004744889,VP,0.0020469528387142,0.2644798815242299,5,False,Northeast
01435000,2,Tair,24,0.0026938610507066,VP,0.002192267380195,0.18619879090646935,6,False,Northeast
01439500,2,PRCP,1,0.0050558685996535,Tair,0.0035051198777791,0.3067225129190817,1,True,Northeast
01440000,2,PRCP,1,0.0045639024212082,SRAD,0.0024902173510137,0.4543666535371574,1,True,Northeast
01440400,2,PRCP,1,0.0025880487028968,Tair,0.0020460802377703,0.2094120039239893,1,True,Northeast
01451800,2,VP,24,0.0050530089765948,Tair,0.0045498552152693,0.09957507767274405,1,False,Northeast
01466500,2,PRCP,1,0.0050857771556291,VP,0.0020911415453268,0.5888255656242708,1,True,Northeast
01484100,2,PRCP,1,0.0030044620157695,SRAD,0.0016558559770796,0.44886772793647595,1,True,Northeast
01485500,2,PRCP,1,0.0106199484803114,SRAD,0.0029891880435809,0.7185308338244171,1,True,Northeast
01486000,2,PRCP,1,0.0039940576517083,Tair,0.0029542817329892,0.260330723637496,1,True,Northeast
01487000,2,PRCP,1,0.0105096962607444,SRAD,0.0050074745696715,0.5235376508096323,1,True,Northeast
01491000,2,PRCP,1,0.005742055028134,SRAD,0.0020038278926264,0.6510260032674077,1,True,Northeast
01510000,2,Tair,14,0.0036509548364904,VP,0.0030440426332127,0.166233829356573,9,False,Northeast
01516500,2,Tair,19,0.0023843683775613,VP,0.0021257974082035,0.10844422019313256,8,False,Northeast
01518862,2,Tair,28,0.002357168015853,VP,0.0022207992424778,0.05785280152202125,1,False,Northeast
01532000,2,Tair,30,0.001417329725877,VP,0.0012836726679052,0.09430202128096703,3,False,Northeast
01539000,2,SRAD,8,0.0015153822326296,Tair,0.0013882674187413,0.08388300400468687,1,False,Northeast
01542810,2,VP,1,0.0043341120982658,Tair,0.0037758003375574,0.12881802501873366,2,False,Northeast
01543000,2,VP,1,0.0028918581500748,Tair,0.0026351587532701,0.08876624767990798,1,False,Northeast
01543500,2,VP,1,0.0030004073216606,Tair,0.0027772069559556,0.07439002167927915,1,False,Northeast
01544500,2,VP,1,0.0034342903127549,Tair,0.0032768991715295,0.045829305880417816,1,False,Northeast
01545600,2,Tair,27,0.0023957701761083,VP,0.0023833950997991,0.005165385408254062,4,False,Northeast
01547700,2,SRAD,2,0.0014260044841049,Tair,0.001415821503253,0.007140917833993928,2,False,Northeast
01548500,2,Tair,24,0.0029262607892917,VP,0.0025193436095827,0.13905704549576187,5,False,Northeast
01549500,2,Tair,12,0.0035109099239535,SRAD,0.0032070979454024,0.08653368646068516,5,False,Northeast
01550000,2,Tair,12,0.0022914590517488,PRCP,0.0021589403315013,0.05783158994107448,5,False,Northeast
01552000,2,Tair,30,0.0020656087406477,SRAD,0.0016741292879737,0.18952255815457397,3,False,Northeast
01552500,2,Tair,11,0.0024732597689942,VP,0.0021404510386345,0.13456278815995273,3,False,Northeast
01557500,2,Tair,1,0.003921884181639,VP,0.0032560349963224,0.16977788085479215,3,False,Northeast
01567500,2,SRAD,24,0.0020579565203967,Tair,0.0020190051633741,0.01892720115150498,3,False,Northeast
01568000,2,PRCP,1,0.0031475435976292,Tair,0.0028753732484317,0.0864707162126379,1,False,Northeast
01580000,2,Tair,28,0.0025486811444848,VP,0.0020553479727382,0.19356409993229048,3,False,Northeast
01583500,2,Tair,28,0.0020374005335955,PRCP,0.0019029342842928,0.06599892710610056,2,False,Northeast
01586610,2,Tair,28,0.0024567963544909,PRCP,0.0020387642419112,0.17015334291568704,2,False,Northeast
01591400,2,PRCP,1,0.0039788827130594,SRAD,0.002031535446088,0.4894206256896843,1,True,Northeast
01594950,2,Tair,27,0.0044294176421273,VP,0.0040571937312163,0.08403450317505697,11,False,Northeast
01596500,2,Tair,27,0.0052130845237307,VP,0.0043174070709853,0.17181333789393774,2,False,Northeast
01605500,2,Tair,22,0.0006110313057123,SRAD,0.0005195780620546,0.1496703078921462,7,False,Northeast
01606500,2,PRCP,1,0.0010009761606117,SRAD,0.0008233298682404,0.1774730501700857,1,False,Northeast
01613050,2,PRCP,1,0.0016925029404334,SRAD,0.0016861168935051,0.003773137863302419,1,False,Northeast
01620500,2,SRAD,3,0.0012251923274544,VP,0.0012078083408468,0.014188781808419234,1,False,Northeast
01632000,2,Tair,1,0.0012606255542178,SRAD,0.0011787841668744,0.06492125046138812,2,False,Northeast
01632900,2,Tair,25,0.0020149198557565,VP,0.0017676434132932,0.12272271860185738,1,False,Northeast
01634500,2,Tair,26,0.002554503304081,VP,0.0022583606913322,0.11592962603559422,4,False,Northeast
01638480,2,VP,19,0.002297916161278,Tair,0.0021407399485509,0.06839945485203668,2,False,Northeast
01639500,2,Tair,26,0.0032765253575972,VP,0.0029816052747556,0.09001001080543326,4,False,Northeast
01644000,2,VP,14,0.0023782006236587,Tair,0.0021284078100217,0.10503437395147536,1,False,Northeast
01658500,2,Tair,29,0.0025053562100001,SRAD,0.0020546681402064,0.1798898168630808,2,False,Northeast
01664000,2,PRCP,1,0.0045382292137187,Tair,0.0024921487772734,0.4508543619304561,1,True,Northeast
01666500,2,VP,16,0.0017168730509984,SRAD,0.0015830376412408,0.07795300280342315,2,False,Northeast
01667500,2,PRCP,1,0.0020805922308813,SRAD,0.0014563823978432,0.3000154589511738,1,True,Northeast
01669000,2,PRCP,1,0.0042756908047618,SRAD,0.0018830141508971,0.5596000185981636,1,True,Northeast
01669520,2,PRCP,1,0.0040272695775053,SRAD,0.0014842750429856,0.6314438320006784,1,True,Northeast
02011400,2,Tair,25,0.0017352547119028,VP,0.0015140282867789,0.1274893095557789,1,False,Northeast
02011460,2,Tair,26,0.0017569856016411,VP,0.0015139470637388,0.13832699464087334,2,False,Northeast
02013000,2,Tair,26,0.0031690067124011,VP,0.0027824216451816,0.12198934944085092,2,False,Northeast
02014000,2,PRCP,1,0.0033618342953,SRAD,0.0033035498107455,0.017337108088874058,1,False,Northeast
02015700,2,Tair,26,0.0017352229164735,VP,0.001659675654881,0.04353749646531586,2,False,Northeast
02016000,2,PRCP,1,0.0035080844409542,VP,0.0025266047060642,0.2797765422724651,1,True,Northeast
02017500,2,PRCP,1,0.0030282692457939,Tair,0.0030044338397628,0.007870966580731265,1,False,Northeast
02018000,2,PRCP,1,0.0073005083945968,SRAD,0.0047351963751592,0.3513881336450788,1,True,Northeast
02027000,2,SRAD,14,0.0021443352964885,VP,0.0021197708346156,0.011455513469897033,1,False,Northeast
02027500,2,PRCP,1,0.0012198693336711,SRAD,0.0010895350570656,0.10684281751166684,1,False,Northeast
02028500,2,SRAD,3,0.0023924071363724,Tair,0.0022257334908874,0.06966775970152256,1,False,Northeast
02038850,2,PRCP,1,0.0011033538448819,SRAD,0.0010123792052093,0.08245282335725915,1,False,Northeast
02046000,3,PRCP,1,0.0043703891399769,VP,0.001897296985032,0.5658745882198425,1,True,Rest of CONUS
02051000,3,Tair,5,0.002333649611315,VP,0.0023112011749992,0.009619454526058996,1,False,Rest of CONUS
02051500,3,PRCP,1,0.0204718277512,SRAD,0.0094005546267135,0.5408053085947605,1,True,Rest of CONUS
02053200,3,PRCP,2,0.0023865396602685,SRAD,0.0013268360954731,0.4440335027477302,2,True,Rest of CONUS
02053800,3,PRCP,1,0.0035207799651377,SRAD,0.0031085805592057,0.11707616210429062,1,False,Rest of CONUS
02055100,3,PRCP,1,0.0007534623618023,SRAD,0.0004452858074867,0.40901386710071924,1,True,Rest of CONUS
02056900,3,SRAD,1,0.003345186627123,PRCP,0.0027329931658891,0.1830072667008153,1,False,Rest of CONUS
02059500,3,PRCP,1,0.0017540710330473,SRAD,0.0011775696472503,0.3286647889027959,1,True,Rest of CONUS
02064000,3,SRAD,1,0.0007030748016181,Tair,0.0006654356312578,0.05353508655647289,1,False,Rest of CONUS
02065500,3,PRCP,1,0.0051584008261317,SRAD,0.0026665017245228,0.48307589611596397,1,True,Rest of CONUS
02069700,3,SRAD,1,0.0012423510534622,PRCP,0.0011855630822938,0.045710084126497554,1,False,Rest of CONUS
02070000,3,PRCP,1,0.0019336740426326,SRAD,0.0013404021069432,0.3068107253907644,1,True,Rest of CONUS
02074500,3,VP,8,0.0017288825847246,Tair,0.0015189670995481,0.12141685446495389,2,False,Rest of CONUS
02077200,3,SRAD,1,0.0012715014686051,PRCP,0.0010512991031335,0.173182942299841,1,False,Rest of CONUS
02081500,3,PRCP,1,0.0061775368428859,SRAD,0.0042835129074415,0.3065985656767993,1,True,Rest of CONUS
02082950,3,PRCP,1,0.0029583082708213,SRAD,0.000784720443289,0.7347401381293025,1,True,Rest of CONUS
02092500,3,PRCP,1,0.0027285357887122,VP,0.0016514737720317,0.3947399264969312,1,True,Rest of CONUS
02096846,3,VP,28,0.003013567955356,Tair,0.0027500041987943,0.0874590387428528,1,False,Rest of CONUS
02102908,3,PRCP,1,0.0026908245085456,SRAD,0.0017579461476546,0.3466886665883774,1,True,Rest of CONUS
02108000,3,PRCP,2,0.0032431657225722,SRAD,0.0016484087980845,0.49172847177938106,1,True,Rest of CONUS
02111180,3,PRCP,1,0.001803296630412,SRAD,0.001427245400004,0.20853542565655628,1,True,Rest of CONUS
02111500,3,SRAD,1,0.002729924562836,VP,0.0020598290351184,0.24546302005556772,1,True,Rest of CONUS
02112120,3,PRCP,1,0.002342812920724,SRAD,0.0021532004272086,0.08093368951405817,1,False,Rest of CONUS
02112360,3,PRCP,1,0.0031223926448013,VP,0.0028800815507784,0.07760429951894149,1,False,Rest of CONUS
02118500,3,PRCP,1,0.0024069849968561,SRAD,0.0022903104595974,0.04847331304976775,1,False,Rest of CONUS
02125000,3,SRAD,1,0.0041201492075916,PRCP,0.0028333309013042,0.3123232294394502,1,True,Rest of CONUS
02128000,3,PRCP,1,0.0035838394998161,SRAD,0.0028396226240156,0.207659097411781,1,True,Rest of CONUS
02137727,3,SRAD,1,0.0013531103782447,VP,0.0011993099614814,0.11366435380003134,1,False,Rest of CONUS
02140991,3,SRAD,1,0.0024285857095374,VP,0.0019112530198904,0.21301809016472473,1,True,Rest of CONUS
02143000,3,PRCP,1,0.0048301189237432,SRAD,0.0033643398583013,0.3034664546739493,1,True,Rest of CONUS
02143040,3,PRCP,1,0.003100190655061,SRAD,0.0028738935028367,0.07299459207609514,1,False,Rest of CONUS
02149000,3,PRCP,1,0.0026794899639438,SRAD,0.0021362191799627,0.20275156514543843,1,True,Rest of CONUS
02152100,3,SRAD,1,0.0019357240566843,VP,0.001429308498297,0.2616155730661005,1,True,Rest of CONUS
02177000,3,SRAD,1,0.0020888963354493,PRCP,0.0018113975969995,0.13284466717689608,1,False,Rest of CONUS
02178400,3,SRAD,1,0.0039898214800073,PRCP,0.002786754012018,0.3015341598659944,1,True,Rest of CONUS
02193340,3,Tair,28,0.0035597313725988,VP,0.0033417976368658,0.06122196113183004,1,False,Rest of CONUS
02196000,3,PRCP,1,0.0081364108299167,SRAD,0.0076351810855773,0.06160329840971554,1,False,Rest of CONUS
02198100,3,PRCP,1,0.004191349754304,SRAD,0.002587049387678,0.3827646129933635,1,True,Rest of CONUS
02202600,3,PRCP,2,0.0084753715784696,SRAD,0.0042408478651199,0.49962691005865356,1,True,Rest of CONUS
02212600,3,SRAD,1,0.0039013086701724,PRCP,0.0037872297695459,0.029241188091240808,1,False,Rest of CONUS
02215100,3,PRCP,1,0.0108858911247202,SRAD,0.0049925298304967,0.5413761011113343,1,True,Rest of CONUS
02216180,3,PRCP,1,0.0062730171362397,SRAD,0.0039985430465579,0.36258056375168957,1,True,Rest of CONUS
02221525,3,PRCP,1,0.0091687190976835,SRAD,0.0059961207058235,0.3460241673955924,1,True,Rest of CONUS
02231000,3,PRCP,1,0.0055429116195958,SRAD,0.0023475880243181,0.5764702406549844,1,True,Rest of CONUS
02231342,3,PRCP,1,0.0072958396549987,SRAD,0.0032811590297517,0.5502698544774578,1,True,Rest of CONUS
02235200,3,PRCP,1,0.0085673920402724,SRAD,0.0052196863945638,0.3907496738765044,1,True,Rest of CONUS
02245500,3,PRCP,1,0.0112209724609485,SRAD,0.0049264005004652,0.5609649237078,1,True,Rest of CONUS
02246000,3,PRCP,1,0.009826845058695,SRAD,0.0044574538440239,0.5464003128776461,1,True,Rest of CONUS
02296500,3,PRCP,1,0.0066345848754837,SRAD,0.0049309861777972,0.2567754772392294,1,True,Rest of CONUS
02297155,3,PRCP,1,0.004930673938227,VP,0.00302453279823,0.3865883576723432,1,True,Rest of CONUS
02297310,3,PRCP,1,0.0046894884355461,SRAD,0.0029716170462844,0.36632383529092777,1,True,Rest of CONUS
02298123,3,PRCP,1,0.0103573148236729,SRAD,0.0059859387623459,0.4220568878852355,1,True,Rest of CONUS
02298608,3,PRCP,1,0.008639813848042,SRAD,0.0041407936389917,0.5207311509460232,1,True,Rest of CONUS
02299950,3,PRCP,1,0.0074336681651266,SRAD,0.0036745327095468,0.5056905113433698,1,True,Rest of CONUS
02300700,3,PRCP,1,0.0069719693240561,SRAD,0.002981432849403,0.5723686220024151,1,True,Rest of CONUS
02310947,3,PRCP,1,0.0064430121839452,SRAD,0.004947290827998,0.23214628705409904,1,True,Rest of CONUS
02312200,3,PRCP,1,0.0067248308062115,SRAD,0.0044020435267279,0.3454045679986654,1,True,Rest of CONUS
02314500,3,PRCP,2,0.0055311053396993,SRAD,0.004224208226024,0.2362813639246924,1,True,Rest of CONUS
02315500,3,PRCP,1,0.0039044479517116,SRAD,0.0030123869341618,0.22847302066320166,1,True,Rest of CONUS
02324400,3,PRCP,1,0.0063743789057033,SRAD,0.0048889878222238,0.23302522574403078,1,True,Rest of CONUS
02327100,3,PRCP,1,0.0096287054608217,SRAD,0.0033426858823691,0.6528416103317133,1,True,Rest of CONUS
02342933,3,Tair,12,0.0012458572948354,VP,0.0012048463837734,0.03291782392093162,4,False,Rest of CONUS
02349900,3,SRAD,1,0.0025527756006496,PRCP,0.0021209441937302,0.1691615223874409,1,False,Rest of CONUS
02350900,3,PRCP,1,0.002851548322444,SRAD,0.0016896676560954,0.4074560677101826,2,True,Rest of CONUS
02361000,3,PRCP,2,0.0015221282622971,SRAD,0.0009989861578897,0.3436912101072922,2,True,Rest of CONUS
02363000,3,PRCP,2,0.0038643250690724,SRAD,0.0021358648085726,0.4472864548413116,1,True,Rest of CONUS
02369800,3,PRCP,1,0.0011349326356638,VP,0.0008004980180974,0.2946735401355304,1,True,Rest of CONUS
02371500,3,PRCP,3,0.0060319188054189,SRAD,0.003286465456274,0.4551542283159489,1,True,Rest of CONUS
02372250,3,PRCP,3,0.0034321875079955,SRAD,0.0020290717266985,0.4088109341428323,1,True,Rest of CONUS
02374500,3,PRCP,1,0.0087233062601394,SRAD,0.0042441080471898,0.5134748316033584,1,True,Rest of CONUS
02381600,3,VP,24,0.0023552667803155,Tair,0.0021392253412909,0.09172695035237595,3,False,Rest of CONUS
02384540,3,PRCP,1,0.0034908595672648,SRAD,0.0023809032219631,0.3179607554856142,1,True,Rest of CONUS
02395120,3,Tair,29,0.0036991491734882,VP,0.0034544382631056,0.06615329604343695,2,False,Rest of CONUS
02408540,3,PRCP,1,0.0039206592287222,SRAD,0.0038177988704241,0.026235475285523308,1,False,Rest of CONUS
02415000,3,Tair,14,0.0041100469997118,SRAD,0.004009867732454,0.02437423885051079,8,False,Rest of CONUS
02422500,3,PRCP,1,0.0024897457353233,SRAD,0.0024654845982956,0.009744423570445193,1,False,Rest of CONUS
02427250,3,PRCP,1,0.0109945359949977,SRAD,0.0062028648031162,0.4358229573364094,1,True,Rest of CONUS
02430085,3,SRAD,5,0.0032990970149748,Tair,0.0031104598785976,0.057178414433090255,1,False,Rest of CONUS
02430615,3,SRAD,5,0.0035643813482777,VP,0.0033005550742952,0.07401740953166532,1,False,Rest of CONUS
02450250,3,PRCP,1,0.0046895207312909,Tair,0.0042461997397759,0.09453439208764634,1,False,Rest of CONUS
02464000,3,PRCP,1,0.0070720458539332,SRAD,0.0061410841471398,0.1316396593039106,1,False,Rest of CONUS
02464146,3,Tair,20,0.0013380285749998,SRAD,0.0012524459505664,0.06396173148500421,1,False,Rest of CONUS
02464360,3,PRCP,1,0.0060932614025206,SRAD,0.0056558691012066,0.07178295372869833,1,False,Rest of CONUS
02465493,3,PRCP,1,0.0027381847523971,SRAD,0.0016366242074675,0.4022959166525402,1,True,Rest of CONUS
02469800,3,PRCP,1,0.0131619933433731,SRAD,0.00512431064091,0.6106736641460142,1,True,Rest of CONUS
02472000,3,PRCP,2,0.0098426168035376,SRAD,0.0065194925737153,0.33762609031247803,1,True,Rest of CONUS
02472500,3,PRCP,1,0.0063018599603484,SRAD,0.0042172338904266,0.33079536566003764,1,True,Rest of CONUS
02479155,3,PRCP,1,0.0032125127883603,VP,0.0018699042170802,0.41793096548741876,1,True,Rest of CONUS
02479300,3,PRCP,1,0.0152525865782276,SRAD,0.0053169453286711,0.6514069727517031,1,True,Rest of CONUS
02479560,3,PRCP,1,0.0177808517459913,SRAD,0.0075095029541992,0.577663485333754,1,True,Rest of CONUS
02481000,3,PRCP,1,0.0104505870972645,SRAD,0.0056849170378244,0.45601936188709824,1,True,Rest of CONUS
02481510,3,PRCP,1,0.0111249768409959,SRAD,0.0049766739471675,0.5526575903665439,1,True,Rest of CONUS
03010655,5,PRCP,1,0.0055988977104978,VP,0.0048484463607464,0.13403555280967563,1,False,Northeast
03011800,5,SRAD,2,0.0025870685718769,Tair,0.0025825407255579,0.001750184115032959,1,False,Northeast
03015500,5,Tair,17,0.0043311743449157,VP,0.004192187316465,0.03208991774109833,6,False,Northeast
03021350,5,Tair,1,0.0098147367870508,VP,0.0065213949060888,0.3355507083294494,1,True,Northeast
03026500,5,Tair,23,0.0032425295178722,VP,0.0030345027040387,0.06415571938108701,1,False,Northeast
03028000,5,VP,1,0.0029796217995743,Tair,0.0024599103639297,0.17442194701315838,1,False,Northeast
03049000,5,VP,19,0.0023348015898824,Tair,0.0020409620121615,0.12585205483593154,1,False,Northeast
03049800,5,SRAD,30,0.0010852634050181,PRCP,0.0009684004457122,0.10768165476283695,1,False,Northeast
03050000,5,PRCP,1,0.0060487278919134,VP,0.0045122911974022,0.2540098880237737,1,True,Northeast
03066000,5,PRCP,1,0.0020148173941718,Tair,0.0012817788326581,0.3638238202797624,1,True,Northeast
03069500,5,VP,25,0.0027574537556299,Tair,0.002504449182504,0.09175297051105202,1,False,Northeast
03070500,5,Tair,26,0.0055994867456416,VP,0.0049436068056692,0.1171321533143924,3,False,Northeast
03076600,5,Tair,22,0.0049072861556715,VP,0.0042600866255283,0.13188542701860012,6,False,Northeast
03078000,5,Tair,25,0.0054743298811477,VP,0.0043070804729893,0.2132223365234403,3,True,Northeast
03140000,5,PRCP,1,0.0035699889173656,VP,0.0033914704434521,0.05000533000120179,1,False,Northeast
03144000,5,PRCP,1,0.0035555321696858,VP,0.002802417060728,0.21181501756018484,1,True,Northeast
03159540,5,Tair,21,0.0033505706885513,PRCP,0.0028854986511005,0.13880382796874668,1,False,Northeast
03161000,5,SRAD,1,0.0020313006271203,PRCP,0.0019390707324146,0.04540435496071832,1,False,Northeast
03164000,5,PRCP,1,0.0060780930095411,SRAD,0.0039701748741667,0.3468058373021754,1,True,Northeast
03165000,5,SRAD,1,0.0028970430658479,VP,0.0027991787391605,0.03378076351058907,2,False,Northeast
03170000,5,PRCP,1,0.0049155304475626,SRAD,0.0041061083114826,0.1646662846898564,1,False,Northeast
03173000,5,PRCP,1,0.005260050423004,SRAD,0.0027723364286223,0.47294489488201025,1,True,Northeast
03180500,5,VP,17,0.0023481318249685,Tair,0.0023299426078608,0.007746250408212892,1,False,Northeast
03182500,5,Tair,27,0.0030630086461296,VP,0.0028865196487456,0.057619490433698364,4,False,Northeast
03186500,5,Tair,22,0.0048381424647181,VP,0.0044663944573444,0.07683692865281527,7,False,Northeast
03187500,5,VP,29,0.0037736627577945,Tair,0.0036612701026836,0.029783439147749276,6,False,Northeast
03213700,5,PRCP,1,0.007642967840569,Tair,0.0037589340923736,0.5081839710980969,1,True,Northeast
03237280,5,VP,27,0.0029384524869341,Tair,0.0028135185027864,0.04251693185553355,6,False,Northeast
03237500,5,Tair,29,0.0013147614974979,VP,0.001068235882799,0.18750595843280987,2,False,Northeast
03238500,5,Tair,6,0.0044679918735313,VP,0.0041965716554973,0.060747697336226765,2,False,Northeast
03241500,5,PRCP,1,0.0041476873785167,Tair,0.0032548505633083,0.2152613574091733,1,True,Northeast
03280700,5,Tair,23,0.0036926830849361,VP,0.0032520305321468,0.1193312674426067,2,False,Northeast
03281100,5,Tair,23,0.0044139730262438,PRCP,0.004029385441012,0.08712957305021779,4,False,Northeast
03281500,5,PRCP,1,0.0115652329700652,Tair,0.0048884900067964,0.5773115838263273,1,True,Northeast
03285000,5,PRCP,1,0.0030973391301424,VP,0.0020971504702901,0.322918678848808,1,True,Northeast
03291780,5,PRCP,1,0.0037624335130965,Tair,0.003075150673296,0.18266976344117852,1,False,Northeast
03300400,5,PRCP,1,0.0086845884260204,SRAD,0.0040134070911125,0.5378702024510802,1,True,Northeast
03338780,5,PRCP,1,0.0100135353670167,SRAD,0.0049097557975477,0.5096880754304014,1,True,Northeast
03340800,5,PRCP,1,0.0027307854994172,Tair,0.0018308230373149,0.329561755141284,1,True,Northeast
03346000,5,PRCP,1,0.0106987742230506,SRAD,0.0043913872269282,0.589542957410306,1,True,Northeast
03357350,5,PRCP,1,0.0030411269072801,SRAD,0.0026802923584543,0.11865159193521468,1,False,Northeast
03364500,5,PRCP,1,0.0025084960759554,Tair,0.0021755986291308,0.13270797989899627,1,False,Northeast
03366500,5,PRCP,1,0.0048973855122731,VP,0.0032304454726364,0.34037345752325654,1,True,Northeast
03368000,5,Tair,27,0.0030679258212457,VP,0.0030288063835503,0.012751102854082718,7,False,Northeast
03384450,5,Tair,16,0.0030853114355202,VP,0.0027675987342757,0.10297589332045237,4,False,Northeast
03439000,6,SRAD,1,0.0030597424763098,PRCP,0.0025896818977999,0.15362749713394713,1,False,Rest of CONUS
03450000,6,PRCP,1,0.0019777925294745,SRAD,0.0013965155527903,0.2939018972018494,1,True,Rest of CONUS
03455500,6,SRAD,1,0.0035585396875265,VP,0.0030356074574759,0.1469513553224087,1,False,Rest of CONUS
03456500,6,PRCP,1,0.0027012243672946,SRAD,0.0019920840381593,0.2625255190650959,1,True,Rest of CONUS
03460000,6,Tair,26,0.0038569434484763,PRCP,0.0036763937107248,0.046811611361018746,5,False,Rest of CONUS
03463300,6,PRCP,1,0.0016239884218222,VP,0.001527964131342,0.059128679238030425,1,False,Rest of CONUS
03471500,6,PRCP,1,0.0027583383773767,Tair,0.0023542706018605,0.14648956010266082,1,False,Rest of CONUS
03473000,6,PRCP,1,0.0057555360388759,Tair,0.0039061272078883,0.3213269482626337,1,True,Rest of CONUS
03479000,6,VP,30,0.0017123533066715,SRAD,0.0015970549996463,0.06733324634348894,2,False,Rest of CONUS
03488000,6,PRCP,1,0.0032942282655383,Tair,0.0029824067734774,0.09465691716719755,1,False,Rest of CONUS
03498500,6,PRCP,1,0.0045178353820931,Tair,0.0026608766869845,0.4110284103021647,1,True,Rest of CONUS
03500000,6,PRCP,1,0.0066938140044993,SRAD,0.0055268640076099,0.17433259963677294,1,False,Rest of CONUS
03500240,6,Tair,15,0.0029448141770715,VP,0.0027497099356621,0.06625349841375167,2,False,Rest of CONUS
03504000,6,PRCP,1,0.0030505174898744,SRAD,0.002975232831273,0.024679307314674603,1,False,Rest of CONUS
03574500,6,PRCP,1,0.0117300928138992,SRAD,0.0031053829452224,0.7352635657287574,1,True,Rest of CONUS
03592718,6,PRCP,1,0.0016345390868567,Tair,0.0015765580328773,0.03547241815483306,1,False,Rest of CONUS
03604000,6,PRCP,1,0.0061480052005845,Tair,0.0017820600803173,0.7101401150168388,1,True,Rest of CONUS
04015330,4,SRAD,6,0.0007807556537786,VP,0.000641705801462,0.17809650387242743,1,False,Rest of CONUS
04024430,4,PRCP,1,0.0091986421550295,Tair,0.0033350602441798,0.6374399408116659,1,True,Rest of CONUS
04027000,4,SRAD,15,0.003376809961025,Tair,0.0033069843560264,0.020677978863046606,2,False,Rest of CONUS
04040500,4,PRCP,1,0.0042813457260081,SRAD,0.0041167168897837,0.03845259102163154,1,False,Rest of CONUS
04043050,4,SRAD,2,0.0082479071702357,Tair,0.0071299054886352,0.1355497411070584,1,False,Rest of CONUS
04045500,4,Tair,2,0.0055205607965128,VP,0.0036250295508646,0.3433584585909387,2,True,Rest of CONUS
04056500,4,Tair,8,0.0036049330593783,PRCP,0.00306933706472,0.148573076347406,3,False,Rest of CONUS
04057510,4,PRCP,1,0.0078632954134151,Tair,0.0047506255988815,0.3958480065779113,1,True,Rest of CONUS
04057800,4,PRCP,1,0.0035234495124487,Tair,0.0029430199487296,0.16473332785623412,1,False,Rest of CONUS
04059500,4,PRCP,1,0.0050395817630826,Tair,0.0033662095740092,0.33204584581436286,1,True,Rest of CONUS
04063700,4,PRCP,1,0.005373621371841,Tair,0.0040480826847391,0.24667511820762522,1,True,Rest of CONUS
04074950,4,PRCP,1,0.0091390740570012,Tair,0.0053640259980193,0.41306679817195885,1,True,Rest of CONUS
04105700,4,PRCP,1,0.0174846642043651,Tair,0.0057533724209926,0.6709475026946041,1,True,Rest of CONUS
04115265,4,PRCP,1,0.0103131903262271,Tair,0.0042101074458864,0.5917744836745785,1,True,Rest of CONUS
04122200,4,PRCP,1,0.0092374465583576,Tair,0.0030814143956685,0.666421410267258,1,True,Rest of CONUS
04122500,4,PRCP,2,0.0049112692116434,Tair,0.0036173771843212,0.26345369629803705,1,True,Rest of CONUS
04124000,4,PRCP,1,0.0121019349704576,Tair,0.0076719587676862,0.36605519808076553,1,True,Rest of CONUS
04127918,4,PRCP,1,0.0098422867243361,Tair,0.0058300135802779,0.4076566001818895,1,True,Rest of CONUS
04127997,4,PRCP,1,0.0115145281683227,Tair,0.0111852058179285,0.028600594447299284,1,False,Rest of CONUS
04161580,4,PRCP,1,0.0068530179644841,Tair,0.0050968847020347,0.2562569179813325,1,True,Rest of CONUS
04185000,4,PRCP,1,0.0124653052962603,Tair,0.0041764785311763,0.6649517655673239,1,True,Rest of CONUS
04196800,4,PRCP,1,0.0158370068833055,SRAD,0.0050414769788427,0.681664785777346,1,True,Rest of CONUS
04197100,4,PRCP,1,0.0099689895106914,Tair,0.0053047684179155,0.4678730063637526,1,True,Rest of CONUS
04197170,4,Tair,24,0.0055850165840774,VP,0.0051090293794271,0.08522574597313021,11,False,Rest of CONUS
04213000,4,PRCP,1,0.0110350849574839,Tair,0.0044028265999016,0.6010156136663324,1,True,Rest of CONUS
04213075,4,VP,29,0.0023157322029095,Tair,0.0021528320687417,0.07034497942513866,2,False,Rest of CONUS
04216418,4,Tair,28,0.0060678998228309,VP,0.0048200230932775,0.2056521640087359,7,False,Rest of CONUS
04221000,4,Tair,15,0.0031325505643642,VP,0.0026301872987701,0.16036876509160586,10,False,Rest of CONUS
04224775,4,Tair,19,0.0029123385412467,VP,0.0026017004170029,0.10666277970239801,12,False,Rest of CONUS
04233000,4,Tair,12,0.002142494827949,VP,0.0016518539809262,0.22900444874935272,6,False,Rest of CONUS
04256000,4,PRCP,1,0.0069694417647351,Tair,0.0056199111036261,0.1936354024704723,1,False,Rest of CONUS
04296000,1,Tair,1,0.0071314250411242,VP,0.0058210159447854,0.18375136649157386,1,False,Northeast
05056000,9,Tair,6,0.00212742655268,SRAD,0.0020207674432632,0.05013527225296552,1,False,Rest of CONUS
05057000,9,SRAD,2,0.0020875767307066,Tair,0.001964654874262,0.05888255729071741,8,False,Rest of CONUS
05057200,9,SRAD,13,0.0023045289606979,Tair,0.0021081012514152,0.08523551347482909,3,False,Rest of CONUS
05062500,9,SRAD,7,0.0023493768098863,Tair,0.0022872885748504,0.026427533793059323,2,False,Rest of CONUS
05087500,9,PRCP,2,0.0035561941651218,SRAD,0.0026083807865925,0.2665246425027069,2,True,Rest of CONUS
05120500,9,SRAD,2,0.0019189924693879,Tair,0.0015088701735589,0.2137175118565299,2,True,Rest of CONUS
05123400,9,SRAD,25,0.0026738324495035,Tair,0.0020921545472676,0.2175446342361172,2,True,Rest of CONUS
05129115,9,PRCP,1,0.0046521672447129,Tair,0.0042974273333555,0.07625261360940003,1,False,Rest of CONUS
05131500,9,PRCP,1,0.0089439282132789,Tair,0.0041123947473159,0.540202621348157,1,True,Rest of CONUS
05291000,7,PRCP,1,0.0059368737251274,SRAD,0.0034958046789174,0.4111707877292971,1,True,Rest of CONUS
05362000,7,PRCP,1,0.0120819935055548,VP,0.0039076710249418,0.6765706732796029,1,True,Rest of CONUS
05393500,7,PRCP,1,0.0079138877401053,SRAD,0.0041997527982567,0.46931862869704805,1,True,Rest of CONUS
05399500,7,PRCP,1,0.0035849813133802,Tair,0.0024730043324922,0.3101765068447571,1,True,Rest of CONUS
05408000,7,SRAD,24,0.0004113962880278,PRCP,0.0004095244628731,0.004549932046478442,3,False,Rest of CONUS
05412500,7,PRCP,1,0.0032310779373286,SRAD,0.0022702987020571,0.2973556360778644,1,True,Rest of CONUS
05413500,7,Tair,10,0.0017173315657293,SRAD,0.0016711947275055,0.026865422580296602,1,False,Rest of CONUS
05414000,7,SRAD,18,0.0020819849303285,VP,0.0015061678462787,0.2765712064779192,1,True,Rest of CONUS
05444000,7,Tair,30,0.0037260605757012,PRCP,0.0032221124692173,0.13524957424747797,1,False,Rest of CONUS
05454000,7,VP,4,0.0027486577151083,SRAD,0.0021777572155506,0.2077015615366302,2,True,Rest of CONUS
05458000,7,PRCP,1,0.0036003654796995,SRAD,0.0014238078664188,0.6045379630354537,1,True,Rest of CONUS
05466500,7,PRCP,1,0.011621480563115,SRAD,0.00540836131637,0.5346237265555128,1,True,Rest of CONUS
05487980,7,PRCP,1,0.0043496357719306,VP,0.0025042910948096,0.4242526900825855,1,True,Rest of CONUS
05488200,7,PRCP,1,0.0035884011316129,VP,0.0024448638033795,0.3186760025681431,1,True,Rest of CONUS
05489000,7,PRCP,1,0.003271568947423,VP,0.0023087738696319,0.2942915442908484,1,True,Rest of CONUS
05495000,7,PRCP,1,0.010947914345053,SRAD,0.0030269150679544,0.7235167382066554,1,True,Rest of CONUS
05495500,7,PRCP,1,0.0046170969713372,SRAD,0.0023161342421045,0.49835702899830947,1,True,Rest of CONUS
05501000,7,PRCP,1,0.0053606432994029,SRAD,0.0029180371624325,0.45565541308120094,1,True,Rest of CONUS
05503800,7,PRCP,1,0.0044972449123789,Tair,0.002066900874285,0.5404073127981649,1,True,Rest of CONUS
05507600,7,PRCP,1,0.0021119804028483,VP,0.0020555665303448,0.026711361728270763,1,False,Rest of CONUS
05508805,7,PRCP,1,0.0037755078703508,SRAD,0.00268187185084,0.2896659355683412,1,True,Rest of CONUS
05514500,7,PRCP,1,0.0110095446717887,SRAD,0.0035076820112203,0.6813962688022398,1,True,Rest of CONUS
05525500,7,PRCP,1,0.0140275266674936,SRAD,0.0036498302605539,0.7398094227821531,1,True,Rest of CONUS
05556500,7,PRCP,1,0.003324721744075,Tair,0.0016783834556053,0.49518077457268295,1,True,Rest of CONUS
05584500,7,PRCP,1,0.0090070535159108,SRAD,0.002697113873102,0.7005553627123903,1,True,Rest of CONUS
05585000,7,PRCP,1,0.0064160667465219,SRAD,0.0026728258815618,0.5834167587158101,1,True,Rest of CONUS
05591550,7,PRCP,1,0.0070853719485126,VP,0.003293531956177,0.5351645643855865,1,True,Rest of CONUS
05592050,7,PRCP,1,0.004243866887806,SRAD,0.0033872031499836,0.20185923839502884,1,True,Rest of CONUS
05592575,7,Tair,26,0.0030975069710098,PRCP,0.0028975001499558,0.06457025696016346,1,False,Rest of CONUS
05593575,7,PRCP,1,0.0053041300116837,SRAD,0.0033658749096034,0.3654237542840764,1,True,Rest of CONUS
05593900,7,PRCP,1,0.0037070810820898,SRAD,0.0033566674825086,0.09452547484708924,1,False,Rest of CONUS
05595730,7,PRCP,1,0.0034618676154188,SRAD,0.0030557781053631,0.11730359307993737,1,False,Rest of CONUS
06037500,10,SRAD,2,0.0090519967098302,Tair,0.0061138915150709,0.3245808951265531,1,True,Rest of CONUS
06043500,10,SRAD,2,0.0095791703616276,Tair,0.0064828390014419,0.32323585898305307,1,True,Rest of CONUS
06154410,10,PRCP,1,0.002994124763462,SRAD,0.0029125216294731,0.027254420051135556,1,False,Rest of CONUS
06188000,10,SRAD,1,0.0136642576066178,Tair,0.0096481625346331,0.2939124237558026,1,True,Rest of CONUS
06191500,10,SRAD,1,0.0101045489752737,Tair,0.0076889909180355,0.23905649456984007,2,True,Rest of CONUS
06221400,10,Tair,1,0.0212475803900994,VP,0.0183306754111691,0.13728174810386745,1,False,Rest of CONUS
06224000,10,SRAD,3,0.0119248513326044,Tair,0.0088366558820049,0.25897140052018036,2,True,Rest of CONUS
06278300,10,SRAD,1,0.0117409544735088,Tair,0.00704922143417,0.39960405688692435,1,True,Rest of CONUS
06280300,10,SRAD,1,0.01489514329326,Tair,0.0075768005513507,0.4913240912036626,1,True,Rest of CONUS
06289000,10,SRAD,1,0.0055758166423256,Tair,0.0032237292840866,0.4218372857501238,1,True,Rest of CONUS
06291500,10,SRAD,1,0.0052108510002427,VP,0.0048279459867841,0.07348224185277333,4,False,Rest of CONUS
06311000,10,SRAD,1,0.0053404648836864,Tair,0.0041595005668332,0.2211351151209157,6,False,Rest of CONUS
06332515,10,SRAD,8,0.0027548363131015,Tair,0.0024454541114216,0.11230511236131699,3,False,Rest of CONUS
06339100,10,PRCP,1,0.0024345263135014,Tair,0.0014852800663262,0.389910037903829,1,True,Rest of CONUS
06339500,10,SRAD,14,0.0015698831519136,Tair,0.0013854697017721,0.11746953900149215,2,False,Rest of CONUS
06344600,10,PRCP,1,0.00208721726061,SRAD,0.0018959267560288,0.09164858311170458,1,False,Rest of CONUS
06350000,10,Tair,17,0.0024402851499238,SRAD,0.0022104798204882,0.09417150673673354,5,False,Rest of CONUS
06352000,10,SRAD,12,0.0022856881514157,Tair,0.002036370817162,0.10907758090239864,1,False,Rest of CONUS
06353000,10,Tair,23,0.0025183603079782,SRAD,0.0021375215130272,0.1512249036583437,1,False,Rest of CONUS
06354000,10,Tair,23,0.0024876318553526,SRAD,0.0021691069656172,0.12804341970860153,7,False,Rest of CONUS
06360500,10,PRCP,1,0.0036198177767406,SRAD,0.002915770347364,0.19449803078500458,1,False,Rest of CONUS
06404000,10,PRCP,1,0.0025404390894925,SRAD,0.0018720757743343,0.2630896831664317,1,True,Rest of CONUS
06406000,10,PRCP,1,0.0051376656362163,SRAD,0.0024719906316178,0.5188494529125626,1,True,Rest of CONUS
06408700,10,SRAD,1,0.0030582535446546,Tair,0.0023832575280224,0.22071290256885304,1,True,Rest of CONUS
06409000,10,SRAD,21,0.0051844916208899,Tair,0.0028457691920687,0.45109966412092806,1,True,Rest of CONUS
06431500,10,PRCP,1,0.0038360284380173,SRAD,0.0028227899889034,0.2641373664157727,1,True,Rest of CONUS
06440200,10,PRCP,1,0.0059394045242873,SRAD,0.0025930700531638,0.5634124527870988,1,True,Rest of CONUS
06441500,10,PRCP,1,0.0054462488234642,SRAD,0.0033818025987049,0.3790583742455906,1,True,Rest of CONUS
06447000,10,PRCP,1,0.0145733128134769,SRAD,0.0036486316645965,0.7496360840328377,1,True,Rest of CONUS
06447500,10,SRAD,16,0.0018992080629276,Tair,0.0018546208231795,0.02347675361032826,2,False,Rest of CONUS
06450500,10,PRCP,1,0.0025293821126157,SRAD,0.0017570675477722,0.30533724461458667,1,True,Rest of CONUS
06452000,10,PRCP,2,0.0065892653901337,SRAD,0.003967908005817,0.3978224019086764,2,True,Rest of CONUS
06453600,10,PRCP,1,0.0041425411413923,SRAD,0.0026741854214112,0.35445772772399997,1,True,Rest of CONUS
06464500,10,PRCP,1,0.0069945654151566,SRAD,0.0035262479621102,0.495858891466061,1,True,Rest of CONUS
06468170,10,Tair,16,0.0017972744668483,SRAD,0.0017620505562099,0.019598515022676885,2,False,Rest of CONUS
06468250,10,SRAD,25,0.0022093313336688,Tair,0.0019092964128976,0.1358034968313079,1,False,Rest of CONUS
06470800,10,SRAD,22,0.0019231730305916,Tair,0.0017821352630137,0.07333597410863985,5,False,Rest of CONUS
06477500,10,PRCP,1,0.0064932687768506,SRAD,0.0021634561943224,0.6668155487363436,1,True,Rest of CONUS
06479215,10,SRAD,19,0.0022708974650371,Tair,0.0017200948712538,0.24254842072946764,2,True,Rest of CONUS
06479438,10,SRAD,17,0.0020619393910964,Tair,0.0020129845701977,0.023742124094476513,1,False,Rest of CONUS
06601000,10,SRAD,9,0.0019419532772651,PRCP,0.0017326651553428,0.10777196566595333,1,False,Rest of CONUS
06614800,10,SRAD,1,0.0058618402170068,Tair,0.0045513736807604,0.2235588975019104,2,True,Rest of CONUS
06622700,10,SRAD,1,0.0080904376851752,Tair,0.0063301186009686,0.21758020427401395,1,True,Rest of CONUS
06623800,10,SRAD,1,0.0064036569499661,Tair,0.0054914025481339,0.1424583498085465,1,False,Rest of CONUS
06632400,10,SRAD,1,0.0069383098453942,VP,0.0055682683704813,0.19746040540728568,1,False,Rest of CONUS
06746095,10,SRAD,2,0.0062995134774889,VP,0.0050867541986001,0.19251634006698368,3,False,Rest of CONUS
06784000,10,PRCP,1,0.0031002701718995,VP,0.0023877901145528,0.22981224791456537,1,True,Rest of CONUS
06803510,10,VP,2,0.0013176781569422,SRAD,0.0010328770851013,0.21613856945296006,1,True,Rest of CONUS
06803530,10,VP,5,0.0015099268924958,Tair,0.0012206214578086,0.1916022796368631,1,False,Rest of CONUS
06814000,10,VP,4,0.0036923419385041,SRAD,0.0035006468083681,0.0519169495481945,6,False,Rest of CONUS
06847900,10,SRAD,28,0.001081639112258,PRCP,0.0009164889997786,0.15268504125617008,1,False,Rest of CONUS
06853800,10,PRCP,1,0.0039419375192239,VP,0.0027301523740587,0.3074085114884774,1,True,Rest of CONUS
06876700,10,PRCP,1,0.0041014039908289,SRAD,0.0021863575542596,0.4669246045626113,1,True,Rest of CONUS
06878000,10,PRCP,1,0.0101155513437387,VP,0.0034675508147418,0.657205949838005,1,True,Rest of CONUS
06879650,10,SRAD,28,0.0018437890571432,VP,0.0017019405085669,0.07693317629082945,1,False,Rest of CONUS
06885500,10,PRCP,1,0.0050992858964869,VP,0.004353265380009,0.1462990174745571,1,False,Rest of CONUS
06888500,10,VP,1,0.00286855968606,SRAD,0.0026451052357086,0.07789778662695969,1,False,Rest of CONUS
06889200,10,PRCP,1,0.0017314892361707,VP,0.0008933800741981,0.48403948720243417,1,True,Rest of CONUS
06889500,10,PRCP,1,0.0029060764426838,SRAD,0.001797798803175,0.38136561834047655,1,True,Rest of CONUS
06892000,10,PRCP,1,0.0075210735005035,VP,0.0027200942179313,0.638336971743568,1,True,Rest of CONUS
06903400,10,PRCP,1,0.0010868004700207,SRAD,0.0009210611051719,0.1525021100199223,1,False,Rest of CONUS
06906800,10,PRCP,1,0.0083259254879896,SRAD,0.0040443612556499,0.5142448414312601,1,True,Rest of CONUS
06910800,10,Tair,7,0.0013714589903241,VP,0.001196754123907,0.1273861396145823,1,False,Rest of CONUS
06911900,10,VP,1,0.0015096812605359,SRAD,0.0013752164734414,0.08906832893108063,2,False,Rest of CONUS
06917000,10,PRCP,1,0.0025450403785174,SRAD,0.0012922119759177,0.492262682028459,1,True,Rest of CONUS
06918460,10,PRCP,1,0.0027618259973269,SRAD,0.0013011048210154,0.5288968884083554,1,True,Rest of CONUS
06919500,10,PRCP,1,0.0118021504952574,VP,0.0035251332057892,0.7013143318918238,1,True,Rest of CONUS
06921070,10,PRCP,1,0.0026555164417872,SRAD,0.0021941135580789,0.17375259909811333,1,False,Rest of CONUS
06921200,10,PRCP,1,0.0029599571199658,SRAD,0.0026017017958225,0.12103395746065378,1,False,Rest of CONUS
06934000,10,PRCP,2,0.0089296964657133,SRAD,0.0035518533922275,0.6022425391652124,1,True,Rest of CONUS
07014500,7,PRCP,1,0.0159305933340948,SRAD,0.0037198970374535,0.7664935034470974,1,True,Rest of CONUS
07056000,11,PRCP,1,0.0033221911143624,SRAD,0.0019802347802334,0.40393712701460593,1,True,Rest of CONUS
07057500,11,PRCP,1,0.0037024834242371,SRAD,0.0022073026891754,0.4038318511499572,1,True,Rest of CONUS
07060710,11,PRCP,1,0.0010515887155643,SRAD,0.0009622298854899,0.08497507509525586,1,False,Rest of CONUS
07066000,11,PRCP,1,0.0061436885104514,Tair,0.0028377363114343,0.5381054383524074,1,True,Rest of CONUS
07067000,11,PRCP,1,0.0084819740558945,SRAD,0.00458144495775,0.4598610031628015,1,True,Rest of CONUS
07068000,11,PRCP,1,0.0130793938558919,SRAD,0.0044002420730027,0.6635744651866635,1,True,Rest of CONUS
07071500,11,PRCP,1,0.0042953840217137,SRAD,0.0025871100425341,0.3976999426696338,1,True,Rest of CONUS
07083000,11,SRAD,1,0.0093988494404207,Tair,0.0063075808705338,0.32889861567444506,1,True,Rest of CONUS
07142300,11,PRCP,3,0.0017431795307874,SRAD,0.0011482364143485,0.3412976724033481,1,True,Rest of CONUS
07145700,11,PRCP,1,0.0081627784257984,VP,0.0021101523839257,0.7414909147531704,1,True,Rest of CONUS
07148400,11,PRCP,1,0.0082293120467625,VP,0.0032823858310227,0.6011348442772897,1,True,Rest of CONUS
07149000,11,PRCP,1,0.0093569970127242,VP,0.0028710437738883,0.6931661119497972,1,True,Rest of CONUS
07151500,11,PRCP,1,0.0048575834083942,VP,0.0019497224069288,0.5986229688697551,1,True,Rest of CONUS
07167500,11,SRAD,24,0.001566197497006,VP,0.0014483728699945,0.07522973778002962,1,False,Rest of CONUS
07180500,11,VP,7,0.0020113135469456,PRCP,0.0019624549571363,0.02429188123527393,3,False,Rest of CONUS
07184000,11,PRCP,1,0.0043007485105955,SRAD,0.001700917629384,0.6045066050261834,1,True,Rest of CONUS
07195800,11,SRAD,25,0.0018104407565251,PRCP,0.001641465271156,0.09333389383777789,7,False,Rest of CONUS
07196900,11,SRAD,26,0.0025345634074449,VP,0.0020998865544391,0.17149969565922152,1,False,Rest of CONUS
07197000,11,PRCP,1,0.0032591632985488,VP,0.0016294484744891,0.5000408616485584,1,True,Rest of CONUS
07208500,11,SRAD,13,0.003827804158582,PRCP,0.0028861562445528,0.24600211374921313,6,False,Rest of CONUS
07226500,11,PRCP,1,0.0034040432564001,VP,0.0021296733255125,0.3743694879586497,1,True,Rest of CONUS
07261000,11,SRAD,1,0.0052136538258237,Tair,0.0038483544182695,0.2618699770191392,1,True,Rest of CONUS
07263295,11,SRAD,1,0.003360315330156,PRCP,0.0029138882533655,0.13285273342778078,1,False,Rest of CONUS
07290650,8,PRCP,1,0.006689365235825,SRAD,0.0040156461261472,0.3996969840065924,1,True,Rest of CONUS
07291000,8,SRAD,1,0.0030193768581024,Tair,0.0025913408432967,0.14176303089065526,1,False,Rest of CONUS
07292500,8,SRAD,1,0.0046380153312349,PRCP,0.0042111183859115,0.0920430216020301,1,False,Rest of CONUS
07295000,8,Tair,26,0.0037650715051036,VP,0.003666031545106,0.026304934677429153,6,False,Rest of CONUS
07299670,11,PRCP,1,0.004685279649757,VP,0.0015473107633632,0.6697506063606148,1,True,Rest of CONUS
07301410,11,PRCP,1,0.0036290811120075,SRAD,0.0017988913549926,0.5043121662283524,1,True,Rest of CONUS
07301500,11,PRCP,1,0.002693138491429,VP,0.0015925078194482,0.4086795667893027,1,True,Rest of CONUS
07315200,11,PRCP,1,0.0031208706703465,VP,0.0011976011370903,0.6162605684146039,1,True,Rest of CONUS
07315700,11,PRCP,1,0.0062355712643629,SRAD,0.0023558232415003,0.6221960841079411,1,True,Rest of CONUS
07335700,11,SRAD,1,0.0052675086517818,Tair,0.0027284706313131,0.48201876604603944,1,True,Rest of CONUS
07340300,11,SRAD,1,0.005577297046144,PRCP,0.003754660483305,0.32679567678740085,1,True,Rest of CONUS
07346045,11,PRCP,3,0.0061011876258187,SRAD,0.0036541427487921,0.40107681112302107,1,True,Rest of CONUS
07359610,8,SRAD,1,0.002541162476013,PRCP,0.0022059151295457,0.1319267656562016,1,False,Rest of CONUS
07362100,8,PRCP,1,0.0069234894363976,SRAD,0.0031140936992611,0.550213266320601,1,True,Rest of CONUS
07362587,8,SRAD,1,0.0025462887235536,Tair,0.0016198085570408,0.36385511114380015,1,True,Rest of CONUS
07373000,8,PRCP,1,0.0031844102034371,SRAD,0.0029080741481585,0.08677778226571947,1,False,Rest of CONUS
07375000,8,PRCP,1,0.005885135495193,SRAD,0.0029157855693692,0.5045508176063535,1,True,Rest of CONUS
07376000,8,PRCP,2,0.0104637329094506,SRAD,0.0048162050199234,0.53972401038892,1,True,Rest of CONUS
08013000,8,PRCP,3,0.0074577071591075,SRAD,0.0040132141126315,0.4618702468451737,2,True,Rest of CONUS
08014500,8,PRCP,2,0.0076927351506943,SRAD,0.0035771577658404,0.5349953305596973,2,True,Rest of CONUS
08023080,12,PRCP,1,0.0154034630137905,SRAD,0.0064441762975122,0.5816410704694898,1,True,Rest of CONUS
08025500,12,PRCP,1,0.0061789592238498,SRAD,0.0029656550918202,0.5200397050083705,1,True,Rest of CONUS
08029500,12,SRAD,1,0.0011159761224727,PRCP,0.0008815926792258,0.21002550012232338,1,True,Rest of CONUS
08050800,12,VP,1,0.0015602112955436,Tair,0.0014313139263654,0.08261532879960996,1,False,Rest of CONUS
08066200,12,PRCP,1,0.0016274394097959,SRAD,0.0014563437940558,0.10513178844646351,1,False,Rest of CONUS
08066300,12,PRCP,1,0.0047527456317287,SRAD,0.0029959916107339,0.3696292958047119,1,True,Rest of CONUS
08070000,12,PRCP,1,0.0023227304338161,SRAD,0.001328296631661,0.42813138695621594,1,True,Rest of CONUS
08070200,12,PRCP,1,0.0023867865833628,SRAD,0.0011662909141178,0.5113551742550081,1,True,Rest of CONUS
08079600,12,PRCP,1,0.0013482173233153,VP,0.0012134410134265,0.09996630925745838,1,False,Rest of CONUS
08082700,12,PRCP,1,0.0010704022113527,VP,0.0005433293475912,0.49240636666419235,1,True,Rest of CONUS
08086212,12,PRCP,1,0.002426885561836,SRAD,0.0014532732760948,0.4011776661626508,1,True,Rest of CONUS
08086290,12,PRCP,1,0.0012573771606799,VP,0.0006430325253028,0.488592169945974,1,True,Rest of CONUS
08101000,12,SRAD,1,0.0018867041459323,PRCP,0.0016623091590349,0.1189349095252647,1,False,Rest of CONUS
08103900,12,VP,11,0.002183670133452,PRCP,0.0019633203037282,0.10090802010259009,1,False,Rest of CONUS
08104900,12,SRAD,1,0.0014374383901196,PRCP,0.001348938315893,0.06156790776906719,1,False,Rest of CONUS
08109700,12,PRCP,1,0.0070785625810635,SRAD,0.0032056580225391,0.547131499392992,1,True,Rest of CONUS
08150800,12,PRCP,1,0.0012892947550577,SRAD,0.0010957784588363,0.15009468972263018,1,False,Rest of CONUS
08155200,12,PRCP,1,0.0029440883818391,SRAD,0.0026947768648042,0.08468207631700284,2,False,Rest of CONUS
08158700,12,PRCP,2,0.0032848825257227,SRAD,0.0031082022115468,0.05378588512446998,1,False,Rest of CONUS
08158810,12,SRAD,1,0.0014267941835813,PRCP,0.0014042560258959,0.015796362183667232,1,False,Rest of CONUS
08164000,12,PRCP,1,0.0032594153344511,SRAD,0.0011211005507762,0.6560424383703164,1,True,Rest of CONUS
08164300,12,PRCP,1,0.0053532567083223,SRAD,0.0024392304786298,0.5443464396471563,1,True,Rest of CONUS
08164600,12,PRCP,1,0.0085061485016185,SRAD,0.0029024121537219,0.6587865644281139,1,True,Rest of CONUS
08165300,12,VP,15,0.0012965945138919,SRAD,0.0011239571038565,0.13314679970163218,2,False,Rest of CONUS
08171300,12,PRCP,2,0.0021953851558067,SRAD,0.0020162452999692,0.08159837255147809,1,False,Rest of CONUS
08175000,12,PRCP,1,0.0046159234218963,VP,0.0012618737819187,0.726625927992475,1,True,Rest of CONUS
08176900,12,PRCP,1,0.0048270518193669,SRAD,0.0022998321372636,0.5235534600982927,1,True,Rest of CONUS
08178880,12,PRCP,1,0.0012714158680028,VP,0.0004829541585104,0.6201446193454805,1,True,Rest of CONUS
08189500,12,PRCP,1,0.0074670138196852,SRAD,0.0023088348889549,0.6907954177253367,1,True,Rest of CONUS
08190000,12,PRCP,2,0.0015579385825362,SRAD,0.0013952193147601,0.10444523911283207,2,False,Rest of CONUS
08190500,12,PRCP,1,0.0012128103581924,SRAD,0.0010673408159755,0.11994417860489831,1,False,Rest of CONUS
08194200,12,PRCP,2,0.0044098866757254,VP,0.0019188379803413,0.5648781654858144,2,True,Rest of CONUS
08195000,12,PRCP,1,0.0022173296157704,VP,0.0016167168217726,0.2708721291259712,1,True,Rest of CONUS
08196000,12,PRCP,1,0.001093563191069,VP,0.0010237962127475,0.06379784807250147,1,False,Rest of CONUS
08198500,12,PRCP,1,0.0014173633789212,SRAD,0.0010776893204296,0.23965206350268253,1,True,Rest of CONUS
08200000,12,PRCP,1,0.0005684979121687,VP,0.0005511659820264,0.030487236226044007,1,False,Rest of CONUS
08202700,12,VP,18,0.0012386044419936,PRCP,0.0012279750527111,0.008581746457643404,1,False,Rest of CONUS
08267500,13,SRAD,2,0.0064755710072102,Tair,0.0043336770218272,0.3307652688848777,2,True,Rest of CONUS
08269000,13,SRAD,2,0.006339797613819,Tair,0.0036388587250108,0.42602919735496014,2,True,Rest of CONUS
08271000,13,SRAD,1,0.007636091449166,Tair,0.0057196647258071,0.2509695877945789,3,True,Rest of CONUS
08324000,13,SRAD,2,0.0047586475884892,Tair,0.0036310816405056,0.23695092502985396,1,True,Rest of CONUS
08377900,13,Tair,1,0.0038405275390809,SRAD,0.0034761924469417,0.09486589757051737,1,False,Rest of CONUS
08378500,13,SRAD,19,0.0043016319076795,Tair,0.0032390086663937,0.24702793360555775,5,False,Rest of CONUS
08380500,13,PRCP,1,0.0034211245311727,VP,0.001961179174631,0.42674428926480984,1,True,Rest of CONUS
09034900,14,SRAD,1,0.0062579338524177,VP,0.0048126049160803,0.23095944610840036,1,True,Rest of CONUS
09035800,14,SRAD,1,0.0053438814622648,Tair,0.0046737520238789,0.1254012543350636,2,False,Rest of CONUS
09035900,14,SRAD,1,0.0058140747389688,Tair,0.0051053855415068,0.12189199989329602,2,False,Rest of CONUS
09047700,14,SRAD,1,0.0030379342954982,Tair,0.0026221148224488,0.1368757295592558,4,False,Rest of CONUS
09065500,14,SRAD,1,0.0090053470097559,VP,0.0074129644719159,0.17682633840926948,1,False,Rest of CONUS
09066000,14,SRAD,2,0.0060974867613065,Tair,0.0053417971072093,0.1239346116981612,2,False,Rest of CONUS
09066200,14,SRAD,1,0.0089685482624444,VP,0.0083909093107437,0.0644071855106751,1,False,Rest of CONUS
09066300,14,SRAD,1,0.0043403842123085,Tair,0.0036968237623582,0.14827269164911377,2,False,Rest of CONUS
09081600,14,SRAD,1,0.0126379228040039,Tair,0.0056780931779983,0.5507099334236013,1,True,Rest of CONUS
09107000,14,SRAD,1,0.0098157185381942,Tair,0.0067204495349584,0.3153379949915757,1,True,Rest of CONUS
09210500,14,SRAD,2,0.0076033686518843,Tair,0.0070794654320767,0.06890409288227319,1,False,Rest of CONUS
09223000,14,SRAD,2,0.0057235996614217,Tair,0.0038805451389971,0.3220096847176762,1,True,Rest of CONUS
09306242,14,SRAD,14,0.0013096879624424,VP,0.0010733528309351,0.18045148026447858,1,False,Rest of CONUS
09312600,14,SRAD,9,0.0027342157526792,Tair,0.0022740114874825,0.1683130765177385,2,False,Rest of CONUS
09352900,14,Tair,1,0.0105411783969422,SRAD,0.0101219132734052,0.039774027888440006,1,False,Rest of CONUS
09378170,14,SRAD,3,0.0057378188776607,PRCP,0.0025715776745703,0.5518196496961004,1,True,Rest of CONUS
09378630,14,SRAD,1,0.004186691210676,Tair,0.0030584015837954,0.2694943500976328,1,True,Rest of CONUS
09386900,15,SRAD,8,0.0017467274175252,Tair,0.0016803633317469,0.03799338414938608,2,False,Rest of CONUS
09404450,15,SRAD,2,0.0018602557999803,PRCP,0.0016173865191771,0.13055692706657443,3,False,Rest of CONUS
09430500,15,PRCP,1,0.0041649018764335,SRAD,0.0024655714447916,0.40801211698583284,1,True,Rest of CONUS
09430600,15,PRCP,1,0.0026259323142548,SRAD,0.001868681625468,0.28837403183474525,1,True,Rest of CONUS
09447800,15,PRCP,1,0.0014500075741663,SRAD,0.0009153523854177,0.3687257903159621,1,True,Rest of CONUS
09480000,15,PRCP,1,0.0031540515842367,SRAD,0.001841220762602,0.41623631908747405,1,True,Rest of CONUS
09484000,15,PRCP,1,0.0030371045609284,SRAD,0.0029537437400153,0.027447464926139406,1,False,Rest of CONUS
09484600,15,PRCP,1,0.0070815879950279,VP,0.0057054225247932,0.19433006709807576,1,False,Rest of CONUS
09492400,15,SRAD,2,0.0024538536295767,PRCP,0.0018903237000155,0.22965099579244722,4,False,Rest of CONUS
09494000,15,SRAD,1,0.0038984557772076,PRCP,0.003580862070357,0.0814665408563611,1,False,Rest of CONUS
09497800,15,PRCP,1,0.004633352475106,SRAD,0.0029274908861631,0.36817004493142386,1,True,Rest of CONUS
09497980,15,PRCP,1,0.0042380399957409,SRAD,0.0034704109013796,0.1811283270409774,1,False,Rest of CONUS
09505200,15,PRCP,1,0.0029908535826174,SRAD,0.002208952611394,0.26143070853342526,1,True,Rest of CONUS
09505350,15,SRAD,1,0.0043728033330895,PRCP,0.0043147553030584,0.013274786357722456,1,False,Rest of CONUS
09505800,15,SRAD,1,0.0026383650058014,PRCP,0.0020362670683941,0.22820873384970233,1,True,Rest of CONUS
09508300,15,SRAD,1,0.0051146284720755,PRCP,0.003846123963997,0.24801498583996748,1,True,Rest of CONUS
09510200,15,SRAD,1,0.0046504835166439,PRCP,0.0044707290301322,0.03865285961521321,1,False,Rest of CONUS
09512280,15,PRCP,1,0.0025456044071033,SRAD,0.0016632421225485,0.34662191898027855,1,True,Rest of CONUS
09513780,15,PRCP,1,0.0036744634311839,SRAD,0.0028038380869755,0.23693944993973917,1,True,Rest of CONUS
10023000,16,SRAD,2,0.0036162868631149,VP,0.0025434994633788,0.29665439727092097,2,True,Rest of CONUS
10166430,16,SRAD,3,0.0037872046512514,VP,0.0037628548639993,0.006429488103858964,2,False,Rest of CONUS
10172700,16,SRAD,3,0.0031007684273748,PRCP,0.0021415599505598,0.3093454088176115,3,True,Rest of CONUS
10172800,16,SRAD,3,0.0061449778192783,Tair,0.004480797341755,0.27081960691580664,1,True,Rest of CONUS
10173450,16,SRAD,1,0.0053910436026269,Tair,0.00370836465512,0.31212490039720303,1,True,Rest of CONUS
10205030,16,SRAD,26,0.0033959665254673,Tair,0.0030124300076174,0.11293883934769458,2,False,Rest of CONUS
10234500,16,SRAD,1,0.0050449863910425,Tair,0.0030270091682982,0.39999656417850193,1,True,Rest of CONUS
10242000,16,SRAD,1,0.0037778569603757,Tair,0.0035919349128464,0.049213628117569234,2,False,Rest of CONUS
10244950,16,SRAD,21,0.0031631413761405,Tair,0.0022680956161163,0.2829610357524672,3,True,Rest of CONUS
10249300,16,SRAD,29,0.0020798363063338,Tair,0.0017496934376064,0.15873502531040748,1,False,Rest of CONUS
10258000,18,PRCP,1,0.0023173893956685,SRAD,0.0019319329216737,0.16633219894561876,1,False,Rest of CONUS
10258500,18,PRCP,1,0.0024494739246607,Tair,0.0021870080007053,0.10715195671730085,1,False,Rest of CONUS
10259000,18,PRCP,1,0.0037995215909481,SRAD,0.003531657690188,0.07049937586833384,1,False,Rest of CONUS
10259200,18,PRCP,1,0.0036411472627221,SRAD,0.0025061845702632,0.3117046937591887,1,True,Rest of CONUS
10263500,18,PRCP,1,0.0042684889069879,SRAD,0.0024290459567728,0.43093539430400446,1,True,Rest of CONUS
10310500,16,PRCP,2,0.0018693277862438,SRAD,0.0013883062075149,0.2573232914359326,1,True,Rest of CONUS
10316500,16,SRAD,1,0.0082372901165349,VP,0.0074684258441604,0.09333946740945062,2,False,Rest of CONUS
10329500,16,PRCP,1,0.0038704435058306,VP,0.0033222776712449,0.14162868770979853,1,False,Rest of CONUS
10336645,16,PRCP,1,0.0075363953789179,SRAD,0.0070467365948997,0.06497254448565125,1,False,Rest of CONUS
10336660,16,PRCP,1,0.0043588962559603,SRAD,0.001961548032611,0.5499897411119148,1,True,Rest of CONUS
10336740,16,SRAD,2,0.0062162159257052,PRCP,0.0041033677558506,0.3398929823395585,2,True,Rest of CONUS
10343500,16,PRCP,1,0.0034433391598021,Tair,0.0017105793428183,0.5032207797629169,1,True,Rest of CONUS
10348850,16,PRCP,11,0.0010373447649748,SRAD,0.0007390184282842,0.287586486926405,1,True,Rest of CONUS
10396000,17,VP,1,0.00686256920049,PRCP,0.006012940627012,0.12380619395682525,1,False,Rest of CONUS
11098000,18,PRCP,1,0.0038996457497207,SRAD,0.0033206781251382,0.14846672281039044,1,False,Rest of CONUS
11124500,18,PRCP,1,0.0044216106308198,SRAD,0.0036677312572828,0.1704988151336214,1,False,Rest of CONUS
11141280,18,PRCP,1,0.0066217030527135,SRAD,0.005690814959202,0.14058137100092893,1,False,Rest of CONUS
11143000,18,PRCP,1,0.0095103898593187,SRAD,0.0068272464262159,0.2821275965331472,1,True,Rest of CONUS
11148900,18,PRCP,1,0.006797177251847,SRAD,0.0061899516089161,0.08933497250875695,1,False,Rest of CONUS
11151300,18,PRCP,1,0.0023229697034423,SRAD,0.0012262543968289,0.47211778310678304,1,True,Rest of CONUS
11162500,18,PRCP,1,0.0077092632727892,SRAD,0.0067072587467984,0.1299740961665558,1,False,Rest of CONUS
11176400,18,PRCP,1,0.0079134620650451,SRAD,0.0059582732995842,0.24707122488111116,1,True,Rest of CONUS
11180500,18,PRCP,2,0.0048502388446641,SRAD,0.0037218700572339,0.23264190147492506,2,True,Rest of CONUS
11180960,18,PRCP,1,0.0063527473042999,SRAD,0.003724881133454,0.41365822453967455,1,True,Rest of CONUS
11224500,18,PRCP,4,0.0010401474362065,VP,0.0010360281737208,0.003960267883487025,1,False,Rest of CONUS
11230500,18,SRAD,1,0.0051447799011211,Tair,0.0037694019283152,0.2673346575052105,1,True,Rest of CONUS
11237500,18,SRAD,1,0.0040413286015726,PRCP,0.0026342163455189,0.34818060959115066,1,True,Rest of CONUS
11253310,18,PRCP,1,0.0015669235648266,SRAD,0.0015306387643947,0.023156713732820345,3,False,Rest of CONUS
11264500,18,SRAD,2,0.0080173928007032,Tair,0.0055596457261161,0.3065519097893685,1,True,Rest of CONUS
11266500,18,SRAD,1,0.0041862405118821,Tair,0.0039674079116222,0.052274254104314466,2,False,Rest of CONUS
11274500,18,PRCP,1,0.0050204199715904,SRAD,0.0040319758369831,0.1968847507182102,1,False,Rest of CONUS
11274630,18,PRCP,1,0.0041612201696774,SRAD,0.0024832316952166,0.4032443384486639,1,True,Rest of CONUS
11284400,18,PRCP,1,0.0057341360419287,SRAD,0.0040593831724326,0.29206716709371794,1,True,Rest of CONUS
11299600,18,PRCP,1,0.0052561519298091,SRAD,0.0050011244263922,0.04851981198841836,1,False,Rest of CONUS
11381500,18,PRCP,1,0.0045036401554491,SRAD,0.0030997058351897,0.3117332361824545,1,True,Rest of CONUS
11383500,18,PRCP,1,0.0050170675147996,SRAD,0.0031866389554844,0.36484032832241325,1,True,Rest of CONUS
11451100,18,PRCP,1,0.0065056069511373,SRAD,0.0045560216050512,0.299677702746133,1,True,Rest of CONUS
11468500,18,PRCP,1,0.009495578000947,SRAD,0.0059849841300155,0.36970828638144904,1,True,Rest of CONUS
11473900,18,PRCP,1,0.009035346001548,SRAD,0.0054852513952535,0.3929118603411836,1,True,Rest of CONUS
11475560,18,PRCP,1,0.0062555002589374,SRAD,0.0042563320895073,0.31958565848891707,1,True,Rest of CONUS
11476600,18,PRCP,1,0.0117100760626953,SRAD,0.0080277538465255,0.31445758306391763,1,True,Rest of CONUS
11478500,18,PRCP,1,0.0154508172030431,SRAD,0.0106779613273855,0.308906371290029,1,True,Rest of CONUS
11480390,18,PRCP,1,0.0136867101185726,SRAD,0.0085351119906681,0.37639418700874516,1,True,Rest of CONUS
11481200,18,PRCP,1,0.0114882667831342,SRAD,0.0094392672472832,0.17835584553617034,1,False,Rest of CONUS
11482500,18,PRCP,1,0.0157357409163735,SRAD,0.0117825841841795,0.25122151878343546,1,True,Rest of CONUS
11522500,18,PRCP,1,0.0059263397401492,SRAD,0.0031988760873428,0.4602273532056625,1,True,Rest of CONUS
11523200,18,PRCP,1,0.0053609215315547,SRAD,0.0039617848157813,0.2609880983219021,1,True,Rest of CONUS
11528700,18,PRCP,1,0.0090162084473696,SRAD,0.0047106236970228,0.477538288459038,1,True,Rest of CONUS
11532500,18,SRAD,1,0.0169400980544998,PRCP,0.0160788686859885,0.050839692057303904,1,False,Rest of CONUS
12010000,17,PRCP,1,0.0209293907803669,SRAD,0.0151120442219899,0.2779510698340078,1,True,Rest of CONUS
12013500,17,PRCP,1,0.0303466033422961,SRAD,0.0185065578414813,0.390160485747429,1,True,Rest of CONUS
12020000,17,PRCP,1,0.002317261757042,SRAD,0.0010623440239846,0.5415519974140992,1,True,Rest of CONUS
12025000,17,PRCP,1,0.0185659229902438,SRAD,0.0143401483183687,0.22760918883998926,1,True,Rest of CONUS
12025700,17,PRCP,1,0.011809181779563,SRAD,0.0073888659440098,0.3743117785859652,1,True,Rest of CONUS
12035000,17,PRCP,1,0.0274929798401789,SRAD,0.01151496883833,0.5811669413330836,1,True,Rest of CONUS
12040500,17,PRCP,1,0.0257634020899278,SRAD,0.0170838373497871,0.3368951317005596,1,True,Rest of CONUS
12041200,17,PRCP,1,0.029015682793847,SRAD,0.0157353773189914,0.45769405356443277,1,True,Rest of CONUS
12043000,17,PRCP,1,0.0237017475553887,SRAD,0.0140477471375549,0.40731175603289715,1,True,Rest of CONUS
12048000,17,PRCP,1,0.0162178352666615,SRAD,0.0071839904891255,0.5570314797873545,1,True,Rest of CONUS
12054000,17,PRCP,1,0.0185876527533496,SRAD,0.0089481156705879,0.5185989436468572,1,True,Rest of CONUS
12056500,17,PRCP,1,0.0176905814311455,SRAD,0.0077418950753891,0.562371926240991,1,True,Rest of CONUS
12073500,17,PRCP,1,0.0060726190675943,SRAD,0.0044619453032085,0.2652354357250795,1,True,Rest of CONUS
12082500,17,PRCP,1,0.0101308976582238,SRAD,0.0054581670332687,0.46123559654775415,1,True,Rest of CONUS
12092000,17,PRCP,1,0.0095367603376649,SRAD,0.0045234152388085,0.5256863883908747,1,True,Rest of CONUS
12095000,17,PRCP,1,0.0068733633224331,Tair,0.0032850867250488,0.5220554230958486,1,True,Rest of CONUS
12114500,17,PRCP,1,0.0132738587408948,SRAD,0.0045319900612792,0.6585777994369635,1,True,Rest of CONUS
12115000,17,PRCP,1,0.0143035046477174,SRAD,0.0040584202745383,0.7162639245070643,1,True,Rest of CONUS
12115500,17,PRCP,1,0.0124985444364951,SRAD,0.0056770908766559,0.5457798381642675,1,True,Rest of CONUS
12117000,17,PRCP,1,0.0095211246546985,SRAD,0.0047203695090525,0.504221435991484,1,True,Rest of CONUS
12141300,17,PRCP,1,0.0224549681098937,SRAD,0.0071337912938966,0.6823067724263016,1,True,Rest of CONUS
12143600,17,PRCP,1,0.0176092597341241,SRAD,0.0049360252150555,0.7196914981332109,1,True,Rest of CONUS
12144000,17,PRCP,1,0.0224782421853668,SRAD,0.0071193887432912,0.6832764464151081,1,True,Rest of CONUS
12145500,17,PRCP,1,0.0166354424902126,SRAD,0.0086121045430726,0.4823038492580225,1,True,Rest of CONUS
12147500,17,PRCP,1,0.0113587526800378,SRAD,0.0069241493048061,0.3904128824835847,1,True,Rest of CONUS
12147600,17,PRCP,1,0.0115059525620811,SRAD,0.0078147227385243,0.32081045038561856,1,True,Rest of CONUS
12167000,17,PRCP,1,0.0165611602430221,SRAD,0.011210139337953,0.3231066438913123,1,True,Rest of CONUS
12175500,17,SRAD,2,0.0085992040826255,VP,0.0081709803447336,0.04979806663236605,2,False,Rest of CONUS
12178100,17,PRCP,1,0.0044653989911389,SRAD,0.0022654508883989,0.4926655170356688,1,True,Rest of CONUS
12186000,17,PRCP,1,0.0050339733480851,SRAD,0.0019300307358597,0.6165989363861304,1,True,Rest of CONUS
12189500,17,PRCP,1,0.0165288458818064,SRAD,0.0055489291827095,0.6642881649215867,1,True,Rest of CONUS
12358500,17,SRAD,2,0.0149301569888051,VP,0.0101294881070799,0.3215417550749686,1,True,Rest of CONUS
12374250,17,SRAD,2,0.0042835875623149,Tair,0.0038509703405476,0.10099413528353515,1,False,Rest of CONUS
12375900,17,SRAD,3,0.008512665009648,VP,0.0080052752050797,0.05960410799593772,1,False,Rest of CONUS
12377150,17,SRAD,2,0.0168427320836098,VP,0.0137929213572239,0.18107577269805103,1,False,Rest of CONUS
12381400,17,SRAD,2,0.0084752464027003,Tair,0.0049092151217721,0.4207584194592887,1,True,Rest of CONUS
12383500,17,SRAD,2,0.010208721829179,VP,0.0092228270148476,0.09657377591712549,1,False,Rest of CONUS
12388400,17,SRAD,2,0.009508772053647,Tair,0.0069009866967226,0.2742504859945831,1,True,Rest of CONUS
12390700,17,SRAD,2,0.0061995025705015,VP,0.0041644935898197,0.32825359091950196,1,True,Rest of CONUS
12411000,17,PRCP,1,0.0067917014834212,Tair,0.0064847189452267,0.045199651213154064,1,False,Rest of CONUS
12414500,17,SRAD,3,0.0096430927319881,Tair,0.0086750612477649,0.10038599763870795,2,False,Rest of CONUS
12447390,17,SRAD,1,0.0081832807539665,Tair,0.0065801778304022,0.19589978295529745,1,False,Rest of CONUS
12451000,17,SRAD,1,0.0169584207042394,Tair,0.0122336038503924,0.2786118434168728,1,True,Rest of CONUS
12488500,17,SRAD,1,0.0093346970250755,PRCP,0.0083199839718089,0.10870337307582757,1,False,Rest of CONUS
13011500,17,SRAD,1,0.0089846247710723,Tair,0.0064040477507803,0.28722145732792936,1,True,Rest of CONUS
13011900,17,SRAD,1,0.0112863687419412,Tair,0.0080613725780834,0.28574258360648924,1,True,Rest of CONUS
13018300,17,Tair,7,0.0051104444313034,SRAD,0.0042151758658503,0.1751840916162285,2,False,Rest of CONUS
13023000,17,Tair,1,0.0100761037529547,SRAD,0.0096384729564548,0.043432541707559356,1,False,Rest of CONUS
13083000,17,SRAD,3,0.0030298637344526,Tair,0.0020324918611217,0.3291804387074502,2,True,Rest of CONUS
13161500,17,SRAD,3,0.0033386925219023,PRCP,0.0032361796149398,0.030704506716326973,1,False,Rest of CONUS
13235000,17,SRAD,2,0.011350465946013,Tair,0.0095471780988087,0.15887346438299543,1,False,Rest of CONUS
13240000,17,SRAD,2,0.0063995457284097,Tair,0.0063430511674702,0.008827901750698077,1,False,Rest of CONUS
13310700,17,Tair,1,0.009995624200087,SRAD,0.0096741172200842,0.032164772661221294,1,False,Rest of CONUS
13313000,17,Tair,1,0.0082902349618994,SRAD,0.0078494595118941,0.05316802865431841,1,False,Rest of CONUS
13331500,17,SRAD,2,0.0113408961969549,Tair,0.0101776980464178,0.10256668700039993,1,False,Rest of CONUS
13337000,17,SRAD,2,0.0116936424877367,Tair,0.0115253892067614,0.014388440654975576,1,False,Rest of CONUS
13338500,17,SRAD,2,0.0080940659357879,Tair,0.0079765421530967,0.014519746147800503,1,False,Rest of CONUS
13340000,17,Tair,1,0.0121594695056505,SRAD,0.0111697670818791,0.08139355284467681,1,False,Rest of CONUS
13340600,17,Tair,1,0.0114675922009315,SRAD,0.0104423372122527,0.08940455596210682,1,False,Rest of CONUS
14020000,17,PRCP,1,0.0104040237145006,VP,0.0047876804924565,0.5398241465190362,1,True,Rest of CONUS
14092750,17,PRCP,1,0.0094151667751529,SRAD,0.0028338556414018,0.6990116363227376,1,True,Rest of CONUS
14096850,17,PRCP,1,0.0050648839306129,Tair,0.0025296199796303,0.5005571668995401,1,True,Rest of CONUS
14137000,17,PRCP,1,0.0141336258782975,SRAD,0.0048279595305446,0.6584061604490296,1,True,Rest of CONUS
14138800,17,PRCP,1,0.01823090025271,SRAD,0.00787381028404,0.5681063373231079,1,True,Rest of CONUS
14138870,17,PRCP,1,0.0128651541168193,SRAD,0.006811583614636,0.4705400687170273,1,True,Rest of CONUS
14138900,17,PRCP,1,0.0188897372885271,SRAD,0.0088269368449771,0.5327125671388643,1,True,Rest of CONUS
14139800,17,PRCP,1,0.0219976690763605,SRAD,0.008119311406749,0.6309012841967738,1,True,Rest of CONUS
14141500,17,PRCP,1,0.0216569506912271,SRAD,0.0096776619023163,0.5531382954001658,1,True,Rest of CONUS
14154500,17,PRCP,1,0.0157421523876729,SRAD,0.010947175149569,0.3045947669683766,1,True,Rest of CONUS
14158500,17,PRCP,1,0.0187361078487606,SRAD,0.0080175491053335,0.5720803290602395,1,True,Rest of CONUS
14158790,17,PRCP,1,0.0182490790840703,SRAD,0.0096776274355648,0.4696922846910975,1,True,Rest of CONUS
14166500,17,PRCP,1,0.0286973402999062,SRAD,0.012385288208399,0.5684168609716251,1,True,Rest of CONUS
14182500,17,PRCP,1,0.0065473101252285,SRAD,0.004068171525558,0.37864994207586566,1,True,Rest of CONUS
14185000,17,PRCP,1,0.0168010487920584,SRAD,0.0095982386153101,0.4287119373257793,1,True,Rest of CONUS
14185900,17,PRCP,1,0.0246919205042824,SRAD,0.0147887881283458,0.40106772473283586,1,True,Rest of CONUS
14187000,17,PRCP,1,0.0116952990886025,SRAD,0.0104616474701689,0.10548269087327908,1,False,Rest of CONUS
14216500,17,PRCP,1,0.014155502980447,SRAD,0.0039821795264221,0.7186832900305495,1,True,Rest of CONUS
14222500,17,PRCP,1,0.0111543217669059,SRAD,0.0062861815848878,0.4364353372395563,1,True,Rest of CONUS
14236200,17,PRCP,1,0.0115932079118411,SRAD,0.0072359559130724,0.375845239031578,1,True,Rest of CONUS
14301000,17,PRCP,1,0.0249464671217908,SRAD,0.0123570134490132,0.5046587803922216,1,True,Rest of CONUS
14303200,17,PRCP,1,0.0215041273553413,SRAD,0.010389051589608,0.5168810425117057,1,True,Rest of CONUS
14305500,17,PRCP,1,0.0200011104275427,SRAD,0.012934533842788,0.35330921302367346,1,True,Rest of CONUS
14306340,17,PRCP,1,0.0210461910350162,SRAD,0.0100586106391499,0.5220697834389795,1,True,Rest of CONUS
14306500,17,PRCP,1,0.0341391693766854,SRAD,0.0172388127271831,0.4950429948375964,1,True,Rest of CONUS
14308990,17,PRCP,1,0.0099208280880365,SRAD,0.0057789281720692,0.417495382362487,1,True,Rest of CONUS
14309500,17,SRAD,1,0.0140277711713741,PRCP,0.0135246154838319,0.0358685411527791,1,False,Rest of CONUS
14316700,17,PRCP,1,0.019048748332281,SRAD,0.0152550476518398,0.19915747818517798,1,False,Rest of CONUS
14325000,17,SRAD,1,0.0163306045073669,PRCP,0.0144745852604907,0.11365281952905855,1,False,Rest of CONUS
14362250,17,PRCP,1,0.0025114921289274,SRAD,0.0011915120976049,0.5255760175868969,1,True,Rest of CONUS
14400000,17,PRCP,1,0.0199226756082969,SRAD,0.0181409041298531,0.08943434674516168,1,False,Rest of CONUS
