gauge_id,TE_lag1_PRCP,TE_lag1_SRAD,TE_lag1_Tair,TE_lag1_VP
01013500,0.0027614217385353,0.0018378050431868,0.0031360794446381,0.0026543476069511
01022500,0.0166805733564089,0.0047753980402072,0.0083002251135609,0.0061919504793522
01030500,0.0134275816762943,0.0036460410693228,0.006791949269197,0.0051631751858789
01031500,0.0038589515480295,0.0014806788693391,0.0013137269841217,0.0015973129392197
01047000,0.0022771925556681,0.0009423764659488,0.0015077496981101,0.0013299539963271
01052500,0.0036150187896995,0.0044875316920597,0.0066120198948291,0.0043856872052815
01054200,0.0021149152665537,0.0023735604891373,0.0029463970321641,0.003327869905504
01055000,0.0031355322927631,0.0029631969380684,0.0025047945824608,0.003184383862478
01057000,0.0022553647421092,,0.0011278915822315,0.0011845067508131
01073000,0.0056891769999337,0.0025077205156804,0.0028506196732101,0.0019599539807941
01078000,0.0040309908767237,,0.0033623920009349,0.003792717325043
01118300,0.0041191367215902,,,
01121000,0.0025163572351848,,0.0020412601497916,
01123000,0.0053248579832909,0.0018316257886723,0.0021938028992668,0.0017545159037655
01134500,0.0077420425534474,0.0027822245509765,0.0064513537251381,0.0062391948330044
01137500,0.0042416258211395,0.0048011291868565,0.0041737240041202,0.0035872724749064
01139000,0.0061410539578434,0.0056359483870562,0.0067175282241053,0.0047984626419014
01139800,0.0052555189134645,0.008486919008784,0.0051194112094168,0.003695754312185
01142500,0.0024649027488251,0.0024100111610868,0.0019227493526669,0.0019828685834224
01144000,0.0024660354135466,0.0029622462791638,0.0040576284272453,0.003629315863565
01162500,0.0083302631617389,0.0024782967521413,0.0041888416343064,0.0029296215662311
01169000,0.0008218012651257,,0.0021876176056373,0.0017509461254711
01170100,0.0011076148685,,0.0028095239648911,0.0021143089286459
01181000,,,,0.0012258176083548
01187300,0.0010926525933692,,0.0017118752829393,
01195100,0.0032261253695324,0.0017636702290642,,
01333000,0.002316625609478,0.0031122796361615,0.004885141284214,0.0043121358381415
01350080,0.0010518100888083,,,
01350140,0.0023521381090225,,,
01365000,0.00229053603036,,0.0021401165656507,
01411300,0.0094984241843267,0.0034262761417212,,
01413500,0.0010712247171722,,0.0015351201781967,0.001404599856196
01414500,0.0021327783072487,,,
01415000,0.0013168174013687,,,0.001406257085021
01423000,0.0021481855645947,,0.0023435849319859,0.0023564141280737
01434025,0.0016908901286924,,,0.00142013598276
01435000,0.0018645710621857,,0.0019276084487442,
01439500,0.0050558685996535,0.0025956268148081,0.0031344751799564,0.0024970502346085
01440000,0.0045639024212082,0.0024902173510137,0.002384307254026,
01440400,0.0025880487028968,,0.001945217154291,
01451800,0.0032830118503235,0.0039089271730992,0.0032243821387497,
01466500,0.0050857771556291,0.0016666219887661,,
01484100,0.0030044620157695,0.0016558559770796,,
01485500,0.0106199484803114,0.0029891880435809,,
01486000,0.0039940576517083,0.0024658622121761,,
01487000,0.0105096962607444,0.0050074745696715,0.0029332679939403,
01491000,0.005742055028134,0.0020038278926264,,
01510000,0.0017555879453234,,0.0026017467523661,0.0025272732184944
01518862,0.0017873541250994,0.0020157950199749,,0.0018269721212027
01539000,0.0011752912130433,0.0011540947668996,0.0009846490800503,
01542810,0.002361625783767,,0.0037151419832578,0.0043341120982658
01543000,0.0021459057440014,,0.0022046487590601,0.0028918581500748
01543500,0.0026584622185856,0.0022605463007238,0.0027772069559556,0.0030004073216606
01544500,0.0032553991853733,0.0025159157475025,0.0030228480462356,0.0034342903127549
01545600,0.0023027774308176,,0.00182680023053,0.0018583760796175
01547700,0.0009105646575445,,,
01548500,0.001691136163643,0.0023867261440712,0.0025095668836444,0.0022136927500252
01549500,0.001701060256437,0.0025532746226369,0.0027372525028107,0.002197671894988
01550000,0.0021589403315013,0.0016803094666445,0.0017165514324873,
01552000,0.0010543510080626,,,
01552500,0.0012455369377428,0.0019458950538852,,
01557500,0.0025661125572298,,0.003921884181639,0.0031404614324895
01567500,0.0015735696099446,0.0020454321990051,,
01568000,0.0031475435976292,0.0027971054981537,0.0026390274917444,0.0020992288033745
01580000,0.0018428224039257,,,
01583500,0.0019029342842928,0.001769839386217,,
01586610,0.0020387642419112,,,
01591400,0.0039788827130594,0.0020278101092733,,
01594950,0.0025535414531303,,0.002706760141363,0.002651556279835
01596500,0.0018614836996266,,0.0038612009316699,0.0035769564628662
01606500,0.0010009761606117,,,
01613050,0.0016925029404334,0.0015090167126676,,
01620500,0.001095477685015,,,
01632000,,,0.0012606255542178,0.001108006896215
01632900,0.0012860372859964,0.0016631163671443,,
01634500,0.0012485676425042,,0.0015384755701308,
01638480,0.0018268517294987,0.0015984734809356,,
01639500,0.002209136535657,0.0023384064457357,0.0018367487300311,0.0018804467757833
01644000,0.001890914090997,,,
01664000,0.0045382292137187,0.0024386203672642,0.0021640292212468,
01666500,0.0014862702457494,,,
01667500,0.0020805922308813,0.0014563823978432,0.0010888725651143,
01669000,0.0042756908047618,0.0018830141508971,,
01669520,0.0040272695775053,0.0014842750429856,,
02011400,0.0009863662296101,,0.0012425331779289,0.0015140282867789
02011460,0.0006219340946751,,,0.0010893826003397
02013000,0.0020112670058594,0.0020279531319863,0.0016259661763895,0.0021900137775575
02014000,0.0033618342953,0.0033035498107455,,0.0022752870058761
02015700,0.0010786048145322,,,0.001517676085455
02016000,0.0035080844409542,0.0024798723981367,0.0014256243656203,0.0025266047060642
02017500,0.0030282692457939,0.0025151457057692,,
02018000,0.0073005083945968,0.0047351963751592,,0.0020765924988607
02027000,0.0012317693910959,0.0018124127617814,,
02027500,0.0012198693336711,0.0010895350570656,,
02028500,0.0021548027011953,,,
02038850,0.0011033538448819,,,
02046000,0.0043703891399769,0.0018184475390803,,0.0013869826696109
02051000,,0.0022825172231996,,
02051500,0.0204718277512,0.0094005546267135,0.0038520562061824,0.0035273621754749
02053200,0.0022206029961845,0.0013268360954731,,
02053800,0.0035207799651377,0.0031085805592057,,
02055100,0.0007534623618023,,,
02056900,0.0027329931658891,0.003345186627123,,
02059500,0.0017540710330473,0.0011775696472503,,
02064000,0.0003940834654767,0.0007030748016181,,
02065500,0.0051584008261317,0.0026665017245228,,
02069700,0.0011855630822938,0.0012423510534622,,0.0011335607191101
02070000,0.0019336740426326,0.0013404021069432,,
02074500,0.0015004515902766,,,
02077200,0.0010512991031335,0.0012715014686051,,
02081500,0.0061775368428859,0.0042835129074415,0.0021164486553365,
02082950,0.0029583082708213,0.000784720443289,,
02092500,0.0027285357887122,0.0015682440896558,,
02096846,,0.0020394822097181,,
02102908,0.0026908245085456,0.0017579461476546,,0.0016046998869505
02108000,0.0027724703407798,0.0013406359380355,,0.0012636804264813
02111180,0.001803296630412,0.001427245400004,,
02111500,0.0018547055454203,0.002729924562836,,
02112120,0.002342812920724,0.0021532004272086,,
02112360,0.0031223926448013,0.0025643456165758,,0.0025324788021233
02118500,0.0024069849968561,0.0022903104595974,,
02125000,0.0028333309013042,0.0041201492075916,,
02128000,0.0035838394998161,0.0028396226240156,,
02137727,0.0008694318364101,0.0013531103782447,0.0009776363463302,
02140991,0.001864728534032,0.0024285857095374,,0.0019112530198904
02143000,0.0048301189237432,0.0033643398583013,,
02143040,0.003100190655061,0.0028738935028367,,0.0012398871849942
02149000,0.0026794899639438,0.0021362191799627,,
02152100,0.0013482178991708,0.0019357240566843,0.0011222793147821,0.001429308498297
02177000,0.0018113975969995,0.0020888963354493,,0.0010797718653794
02178400,0.002786754012018,0.0039898214800073,,0.0022849728478
02193340,0.0023378199781589,0.002860767768664,0.0023877785258241,
02196000,0.0081364108299167,0.0076351810855773,0.0033201428270635,
02198100,0.004191349754304,0.002587049387678,,
02202600,0.006361260190827,0.0032916198548323,,
02212600,0.0037872297695459,0.0039013086701724,0.0017522091156479,
02215100,0.0108858911247202,0.0049925298304967,,
02216180,0.0062730171362397,0.0039985430465579,,
02221525,0.0091687190976835,0.0059961207058235,,
02231000,0.0055429116195958,0.0023475880243181,,
02231342,0.0072958396549987,0.0032811590297517,,0.0028024666762137
02235200,0.0085673920402724,0.0052196863945638,,
02245500,0.0112209724609485,0.0049264005004652,,
02246000,0.009826845058695,0.0044574538440239,,
02296500,0.0066345848754837,0.0049309861777972,,0.0023344804797742
02297155,0.004930673938227,0.0024563924717027,,
02297310,0.0046894884355461,0.0029384487972345,,
02298123,0.0103573148236729,0.0059859387623459,0.0023920392534731,0.0038230581344087
02298608,0.008639813848042,0.0041407936389917,,0.0024988978239599
02299950,0.0074336681651266,0.0036745327095468,0.0017294268322339,0.0021675494399698
02300700,0.0069719693240561,0.002981432849403,,
02310947,0.0064430121839452,0.004947290827998,,0.0023136992209508
02312200,0.0067248308062115,0.0044020435267279,,0.002596744595218
02314500,0.0041594605457808,0.0035148242562553,,
02315500,0.0039044479517116,0.0030123869341618,,
02324400,0.0063743789057033,0.0048889878222238,,
02327100,0.0096287054608217,0.0033426858823691,,0.001014131638217
02342933,0.0005201216742585,,0.000629606685352,0.0007887339653501
02349900,0.0021209441937302,0.0025527756006496,,
02350900,0.002851548322444,0.0016896676560954,,0.0015913819456546
02361000,0.0014242392084888,0.0009989861578897,,
02363000,0.0021516962596917,0.0018221859519711,,
02369800,0.0011349326356638,,,
02371500,0.0019170213512408,0.0017068224036286,,0.0015372859474608
02372250,0.00264094672684,0.0014984579608145,,
02374500,0.0087233062601394,0.0042441080471898,,
02381600,0.0012622762782341,,0.0014561711452148,0.0016187467675292
02384540,0.0034908595672648,0.0023809032219631,,0.0015794433861367
02395120,0.0033744008739324,0.0029790370092974,0.0023829137840862,0.0033445731214893
02408540,0.0039206592287222,0.0038177988704241,,
02415000,0.002932865785339,0.004009867732454,0.0028176482129966,0.0028080616617897
02422500,0.0024897457353233,0.0024654845982956,0.0009570623875046,
02427250,0.0109945359949977,0.0062028648031162,0.0021430937910201,0.0024116443281932
02430085,0.0024567779457289,0.0029687495363678,0.0023772281384126,
02430615,0.0032739925374222,0.0029833733943238,,0.0025418468726438
02450250,0.0046895207312909,0.0035943774251902,0.0030079992920134,0.003461410653281
02464000,0.0070720458539332,0.0061410841471398,0.0038294986819678,0.0034654505569922
02464146,,0.0011133603686176,,
02464360,0.0060932614025206,0.0056558691012066,,0.0033815615040952
02465493,0.0027381847523971,0.0016366242074675,,
02469800,0.0131619933433731,0.00512431064091,0.0020270782343787,
02472000,0.0071928624660553,0.0065194925737153,0.0026234384164221,0.0026849562508334
02472500,0.0063018599603484,0.0042172338904266,0.0019766529316677,0.0027448390602572
02479155,0.0032125127883603,0.0017931757278175,0.0014760708830295,
02479300,0.0152525865782276,0.0053169453286711,0.0026701904531024,0.0032306033425728
02479560,0.0177808517459913,0.0075095029541992,0.0027727605012816,0.0030722742988822
02481000,0.0104505870972645,0.0056849170378244,0.003962645418318,0.0037817056715268
02481510,0.0111249768409959,0.0049766739471675,0.0027543405195228,0.002789160370475
03010655,0.0055988977104978,0.0030862842970698,0.0044564311427113,0.0048484463607464
03011800,0.0019705717763308,,0.0019271561149585,0.0019302169506428
03015500,0.003337685744487,,0.004237074806874,0.0038978909494507
03021350,0.0024641825829443,0.0032171306695218,0.0098147367870508,0.0062612748258247
03026500,0.0013631485835326,,0.0024466960594193,0.0030345027040387
03028000,0.0012367771179409,,,0.0029796217995743
03049000,0.0014119958301538,0.0019805584802108,,0.0016967857658592
03050000,0.0060487278919134,,,
03066000,0.0020148173941718,,,
03069500,0.0014270013396317,,0.0015011397044567,0.0021451982105817
03070500,0.0026367356315709,0.002586415627353,0.0047062090621857,0.0035773780318891
03076600,,,0.0032593361702154,0.0032224405742253
03078000,0.0017506626928292,0.0018445095701407,0.0032316426609217,0.0028668063404148
03140000,0.0035699889173656,,0.0023175815600973,
03144000,0.0035555321696858,0.0021821976350947,0.0019987227029205,0.0024052711373886
03159540,0.0028854986511005,0.0017690992352816,0.0021615389928182,0.0015181456357058
03161000,0.0019390707324146,0.0020313006271203,,
03164000,0.0060780930095411,0.0039701748741667,0.001371185065255,0.0015174896209797
03165000,0.0026271523224004,0.0028970430658479,,0.0022181930199492
03170000,0.0049155304475626,0.0041061083114826,,0.0026428667998843
03173000,0.005260050423004,0.0027723364286223,0.0018880652994655,0.0018201726586422
03180500,0.0008652652479466,,,0.0018531356369314
03182500,0.002034406607569,0.0015189362411357,0.0016297277617096,0.0018634426529783
03186500,0.0032405173232831,0.0024662650524568,0.0026888473390607,0.0031238408717992
03187500,0.0026889071725207,,0.0028655170961692,0.0031565196504761
03213700,0.007642967840569,0.0030839516090158,0.0025540827312787,0.0030133270918656
03237280,0.0019656036320223,,,
03237500,0.0006520323196826,,0.0007799748424314,
03238500,0.0036304707064038,0.003244769009929,0.0038808981234864,0.0038077863989708
03241500,0.0041476873785167,0.0030696750779617,0.0029673799165463,0.0028517051552906
03280700,0.0028419045861241,,0.0021255426929646,
03281100,0.004029385441012,0.0029922201781455,0.0019136998267579,
03281500,0.0115652329700652,0.0048767316404621,0.0026651885826285,0.0028015255528113
03285000,0.0030973391301424,0.002060828198391,,0.0020168030488061
03291780,0.0037624335130965,0.0023677053405577,0.0021871685036708,0.0030217648036979
03300400,0.0086845884260204,0.0040134070911125,0.0019080251175064,0.002716525049567
03338780,0.0100135353670167,0.0049097557975477,,
03340800,0.0027307854994172,,,
03346000,0.0106987742230506,0.0043913872269282,0.0023804376882905,0.0023641922123683
03357350,0.0030411269072801,0.0026802923584543,0.0017622547981231,
03364500,0.0025084960759554,,0.002076838216914,0.0020108759698437
03366500,0.0048973855122731,0.0019280970852159,0.0022013931626726,0.0032304454726364
03368000,0.0015559924389203,,0.002210426872131,0.0019982978605493
03384450,0.00223621208181,0.002440099711765,,0.0018977934616173
03439000,0.0025896818977999,0.0030597424763098,0.0018096727474789,
03450000,0.0019777925294745,,,
03455500,0.0029282599828764,0.0035585396875265,0.0022675200574605,0.0027254345374137
03456500,0.0027012243672946,0.0019920840381593,,
03460000,0.0036763937107248,0.0031474251770401,0.0022567296799817,
03463300,0.0016239884218222,,,
03471500,0.0027583383773767,0.0021754874231257,0.0014456908525543,
03473000,0.0057555360388759,0.0038681858676467,0.0023663965179767,0.0031906958830328
03479000,0.0015163188564989,,,
03488000,0.0032942282655383,0.0025102827645633,,0.0018659533953705
03498500,0.0045178353820931,0.0026177574009294,,
03500000,0.0066938140044993,0.0055268640076099,,0.0025607532429218
03500240,0.0026326151699973,0.0027054356989042,,0.0024749953822662
03504000,0.0030505174898744,0.002975232831273,,
03574500,0.0117300928138992,0.0031053829452224,0.0020181416952043,0.0018518761901317
03592718,0.0016345390868567,0.0008917973363954,,
03604000,0.0061480052005845,0.0017139487684237,0.0009225509357758,0.0009940599975257
04015330,,,,0.0005736551103912
04024430,0.0091986421550295,0.0015881089130205,0.0033350602441798,0.0027004704975915
04027000,0.0029925337073788,,0.0033069843560264,0.0025367147004157
04040500,0.0042813457260081,0.002028782907557,0.0037689020759138,0.0019428957028236
04043050,0.0066143454780882,0.0061182187555442,0.0053683483406951,0.0037104807548916
04045500,0.0024892161912156,0.0019496746402504,0.0050818616533072,0.0031374854339977
04056500,0.00306933706472,,0.0033196435677679,0.0018421571689439
04057510,0.0078632954134151,,0.0047506255988815,0.0045242024151562
04057800,0.0035234495124487,0.0014730709681779,0.0025967694013832,0.0028052657444907
04059500,0.0050395817630826,,0.0033602850499028,0.0024920837696507
04063700,0.005373621371841,,0.0040480826847391,0.0022245199361879
04074950,0.0091390740570012,,0.0053640259980193,0.0026857033010779
04105700,0.0174846642043651,0.0050821289047969,0.0057533724209926,0.0029396430859747
04115265,0.0103131903262271,,0.0042101074458864,
04122200,0.0092374465583576,0.0029369110165233,0.0028306345184974,0.0022326658809079
04122500,0.0025899894777247,,0.0027318183831378,
04124000,0.0121019349704576,0.0038901525106807,0.0076719587676862,0.0039245078759242
04127918,0.0098422867243361,0.0036417529441833,0.0058300135802779,0.0043055047984608
04127997,0.0115145281683227,0.0046280702335039,0.0111852058179285,0.0051083757913252
04161580,0.0068530179644841,,0.0047983507765499,0.0027254748499293
04185000,0.0124653052962603,0.0039590401623488,0.0037359104812611,0.0023915811722858
04196800,0.0158370068833055,0.0050414769788427,0.0033838965027029,0.0025400288738865
04197100,0.0099689895106914,0.005023516554248,0.0050479922772891,0.0035880549152848
04197170,0.0046940602998866,0.0038075832826867,0.004046572640203,
04213000,0.0110350849574839,0.0042270253474551,0.0040101884520302,0.0031573484951304
04213075,0.0018852931424687,0.0016258557119481,,
04216418,0.0027446647186151,0.0027703874016766,0.0046344607976215,
04221000,0.0021185634598193,0.0022804853856295,0.0021137476860205,0.0023459114993698
04224775,0.0017640210591212,0.0022593544252224,,
04233000,0.0012158940126954,,,
04256000,0.0069694417647351,0.0018765345420433,0.0056199111036261,0.0046137582189046
04296000,0.0034331310183164,0.0032559807118354,0.0071314250411242,0.0058210159447854
05056000,0.0009245724018405,0.0018646185468898,,
05057000,,0.0019162871834108,,
05057200,0.0013933778327329,,,
05062500,0.0018463059183915,,,0.0018399707932657
05087500,0.002056354335502,,,
05129115,0.0046521672447129,0.0034010663826655,0.0042974273333555,0.002092715305772
05131500,0.0089439282132789,0.0024893449195875,0.0035783932546524,0.002376149845959
05291000,0.0059368737251274,,,
05362000,0.0120819935055548,,0.0036993838879785,0.0039076710249418
05393500,0.0079138877401053,0.0030119589495909,0.0031638720412011,0.002953519027381
05399500,0.0035849813133802,0.0018311245193034,,
05412500,0.0032310779373286,,,0.002146919772081
05413500,0.0016054653197082,,,
05414000,0.001090646547552,,,
05444000,0.0032221124692173,0.0026621238642415,0.0024377037982777,
05454000,0.0020728655487345,,,0.0020853383625001
05458000,0.0036003654796995,,,0.0010486765382877
05466500,0.011621480563115,0.00540836131637,,
05487980,0.0043496357719306,,0.0021057567622821,0.002420351638604
05488200,0.0035884011316129,,0.0015814688802651,0.0024448638033795
05489000,0.003271568947423,,0.0014270610954177,0.0023087738696319
05495000,0.010947914345053,0.0030269150679544,0.0018648113506439,0.0020367536961277
05495500,0.0046170969713372,,,
05501000,0.0053606432994029,0.0029180371624325,,
05503800,0.0044972449123789,,,0.0018380338553461
05507600,0.0021119804028483,,,
05508805,0.0037755078703508,0.00268187185084,,
05514500,0.0110095446717887,0.0035076820112203,,0.0022929895879357
05525500,0.0140275266674936,0.0036498302605539,0.0023694146757354,
05556500,0.003324721744075,,,
05584500,0.0090070535159108,0.002697113873102,,
05585000,0.0064160667465219,0.0026728258815618,,
05591550,0.0070853719485126,0.003184351325696,,
05592050,0.004243866887806,0.0033872031499836,0.0018567489833616,
05592575,0.0028975001499558,,0.0019812357928523,0.0025102088051745
05593575,0.0053041300116837,0.0033658749096034,,
05593900,0.0037070810820898,0.0033566674825086,0.0023255925987182,
05595730,0.0034618676154188,,,
06037500,0.0035907159949742,0.0047653628612078,0.0061138915150709,0.0043490676469075
06043500,0.0016018380776154,0.0085479412590601,0.0061539621542665,0.0057496667625291
06154410,0.002994124763462,,,
06188000,0.0022335943668979,0.0136642576066178,0.0096481625346331,0.005692068968883
06191500,,0.0101045489752737,0.0076889909180355,0.0038615558669476
06221400,0.0019647288397445,0.0129241740188474,0.0212475803900994,0.0183306754111691
06224000,0.0018421342224561,0.0059291216021731,0.0085551669019902,0.0087779788472569
06278300,0.0022578904642961,0.0117409544735088,0.00704922143417,0.006100438351203
06280300,0.0027163261592267,0.01489514329326,0.0073608284128959,0.0046509206727221
06289000,0.0026583309205507,0.0055758166423256,0.0032237292840866,0.002973592132169
06291500,0.0034500104082143,0.0052108510002427,0.0036263445919302,0.0048279459867841
06311000,0.0029283074431762,0.0053404648836864,0.0041595005668332,0.0037682324515275
06332515,0.0022094115934522,,,
06339100,0.0024345263135014,,,
06339500,0.0013044519382825,,,
06344600,0.00208721726061,0.0014524332896763,,
06350000,0.0018023110704047,,,
06353000,,0.0021375215130272,,
06354000,,0.0021226952697414,,
06360500,0.0036198177767406,,,
06404000,0.0025404390894925,,0.0015563452082466,0.0014248025810766
06406000,0.0051376656362163,0.0020424033783544,,0.0019734893407431
06408700,0.0018122205296264,0.0030582535446546,0.0021228802368697,
06409000,0.0023892575627429,0.0029922660244308,0.0021833309561063,
06431500,0.0038360284380173,,,
06440200,0.0059394045242873,,,
06441500,0.0054462488234642,,,
06447000,0.0145733128134769,0.0036486316645965,,0.0032281430959174
06450500,0.0025293821126157,,,
06452000,0.0056548948235588,0.0029538862292226,0.0025815137372391,0.0024960590256583
06453600,0.0041425411413923,,,
06464500,0.0069945654151566,0.0030605324838968,0.0030438396962515,
06468250,0.0013179268266905,,,
06470800,0.0011367885202039,,,
06477500,0.0064932687768506,,,
06479215,0.0012138088095637,,,
06479438,0.0017221266308111,,,
06601000,0.0017326651553428,,,0.0014099225279148
06614800,,0.0058618402170068,0.0039533021358235,0.0042454150169182
06622700,0.0018182324978771,0.0080904376851752,0.0049244102217039,0.0057562686640332
06623800,0.0025485770666581,0.0064036569499661,0.0041585897940475,0.0045614158674423
06632400,0.0014183950342019,0.0069383098453942,0.0048493140390877,0.0055682683704813
06746095,,0.0056746027659173,0.0041675110643997,0.0050867541986001
06784000,0.0031002701718995,,,0.0023877901145528
06803510,0.0006729584057656,,,0.0010687749127734
06803530,0.0008489683835236,,0.000826788898741,0.0012634175194197
06814000,0.0034845717592381,,0.0032594388692552,0.0036390733948948
06847900,0.0007589644984323,,,
06853800,0.0039419375192239,,,0.0023327802557993
06876700,0.0041014039908289,,,
06878000,0.0101155513437387,0.0031805711109263,,0.0034675508147418
06879650,0.0009640994246618,,,0.0015789305806833
06885500,0.0050992858964869,,0.0026906688638347,0.004353265380009
06888500,0.0018709175421959,,0.0018735695097509,0.00286855968606
06889200,0.0017314892361707,,,0.0008933800741981
06889500,0.0029060764426838,,0.0010825939801964,0.0015964437630138
06892000,0.0075210735005035,0.0023004106240773,,0.0027200942179313
06903400,0.0010868004700207,,,
06906800,0.0083259254879896,0.0040443612556499,,
06910800,0.0010209983513508,,0.0009481845817313,0.0010906711061646
06911900,0.001241546410917,,,0.0015096812605359
06917000,0.0025450403785174,0.0012922119759177,,
06918460,0.0027618259973269,0.0013011048210154,,0.001183176224487
06919500,0.0118021504952574,0.0033990960118427,,0.0035251332057892
06921070,0.0026555164417872,0.0021941135580789,,
06921200,0.0029599571199658,,,0.0025387860312868
06934000,0.0079991588385137,0.0035518533922275,,
07014500,0.0159305933340948,0.0037198970374535,0.0026791729012004,0.0026873764747261
07056000,0.0033221911143624,0.0019802347802334,,
07057500,0.0037024834242371,0.0022073026891754,,
07060710,0.0010515887155643,0.0009622298854899,,
07066000,0.0061436885104514,0.0024787941626107,,
07067000,0.0084819740558945,0.00458144495775,,0.0028651431841293
07068000,0.0130793938558919,0.0044002420730027,,
07071500,0.0042953840217137,0.0025871100425341,,0.001852578575489
07083000,0.002493186479524,0.0093988494404207,0.0063075808705338,0.0057978523059171
07142300,0.0010606704459992,,,
07145700,0.0081627784257984,0.0020234913004766,,0.0021101523839257
07148400,0.0082293120467625,0.0021805190617144,0.0024563529236876,0.0032823858310227
07149000,0.0093569970127242,0.0022731417212907,,0.0026007053623623
07151500,0.0048575834083942,,,0.0019497224069288
07167500,0.0011573296787972,,,0.0014099944208897
07180500,0.0019624549571363,,,0.0016808113007011
07184000,0.0043007485105955,0.001700917629384,,
07195800,0.001641465271156,0.0017140052090195,,
07197000,0.0032591632985488,0.001442955058168,,
07208500,0.0028861562445528,0.003064103634548,,
07226500,0.0034040432564001,,0.0011587974033089,0.0019828222641754
07261000,0.0035471203270687,0.0052136538258237,0.0033336063656877,0.0027013966182432
07263295,0.0029138882533655,0.003360315330156,0.0016738360254677,0.0020651158158051
07290650,0.006689365235825,0.0040156461261472,0.002264874692194,0.0026944397691468
07291000,0.0023768487177709,0.0030193768581024,0.0017978591481261,
07292500,0.0042111183859115,0.0046380153312349,0.0025377987016485,
07295000,0.0021605134902078,0.0026657184218012,0.0024270217597455,0.0025150432692065
07299670,0.004685279649757,,,0.0014890847146292
07301410,0.0036290811120075,0.0017648921379992,,
07301500,0.002693138491429,,,0.0014211854778484
07315200,0.0031208706703465,0.0011088749560767,,0.0011976011370903
07315700,0.0062355712643629,0.0023558232415003,,
07335700,0.002332690165346,0.0052675086517818,,0.0026923134962746
07340300,0.003754660483305,0.005577297046144,,0.0026008076821465
07346045,0.0046993110020812,0.0032021404839441,,
07359610,0.0022059151295457,0.002541162476013,,
07362100,0.0069234894363976,0.0031140936992611,,
07362587,0.0014516069162935,0.0025462887235536,,
07373000,0.0031844102034371,0.0029080741481585,,
07375000,0.005885135495193,0.0029157855693692,,
07376000,0.0062430814808829,0.0033856443201018,0.0018721291032578,
08013000,0.0065757734168184,0.0040132141126315,0.0018381497609989,
08014500,0.0076147956830238,0.0032666648709606,,
08023080,0.0154034630137905,0.0064441762975122,0.0032881917824078,0.0029631894838676
08025500,0.0061789592238498,0.0029656550918202,0.0021899652039331,0.0024558235564811
08029500,0.0008815926792258,0.0011159761224727,,
08050800,0.001287844912654,,,0.0015602112955436
08066200,0.0016274394097959,0.0014034548904402,,
08066300,0.0047527456317287,0.0029959916107339,0.0016136105423949,0.0019432892970183
08070000,0.0023227304338161,0.001328296631661,,
08070200,0.0023867865833628,0.0009671971726888,,
08079600,0.0013482173233153,0.0010901258083256,,0.0011040348747321
08082700,0.0010704022113527,,,
08086212,0.002426885561836,0.0014532732760948,,
08086290,0.0012573771606799,0.0005741630489968,0.0004267879403139,0.0006401679328771
08101000,0.0016623091590349,0.0018867041459323,0.0012392736794474,
08103900,0.0019633203037282,0.0016710115789729,,
08104900,0.001348938315893,0.0014374383901196,,
08109700,0.0070785625810635,0.0032056580225391,0.0014356569863941,0.0016100225967243
08150800,0.0012892947550577,0.0010001617949121,,
08155200,0.0029440883818391,0.0026947768648042,,0.0019452901450095
08158700,0.0029219752271034,0.0031082022115468,,0.0028701212993997
08158810,0.0014042560258959,0.0014267941835813,,
08164000,0.0032594153344511,0.0011211005507762,,
08164300,0.0053532567083223,0.0024392304786298,,
08164600,0.0085061485016185,0.0029024121537219,,
08165300,0.0005641465734845,0.0011239571038565,,
08171300,0.0018063463006739,0.0020162452999692,,
08175000,0.0046159234218963,0.0010866619546274,,
08176900,0.0048270518193669,0.0022998321372636,,
08178880,0.0012714158680028,,,
08189500,0.0074670138196852,0.0023088348889549,,
08190000,0.0014516958705181,0.0012004910884164,,
08190500,0.0012128103581924,0.0010673408159755,,0.0008926343998801
08194200,0.0042231560969597,0.0016091147993402,,0.0016983666940302
08195000,0.0022173296157704,0.0015660275206809,,0.0013158248934757
08196000,0.001093563191069,0.0008626134255835,,0.0009261415296735
08198500,0.0014173633789212,0.0010776893204296,,
08200000,0.0005684979121687,,,
08202700,0.0012279750527111,0.001115888194007,,0.0010642853614331
08267500,,0.0059460257408521,0.0043336770218272,
08269000,0.0013056683051771,0.0059124958411398,0.0035969267350952,0.0025263234656303
08271000,0.0016066511252193,0.007636091449166,0.0057196647258071,
08324000,0.0025157129049405,0.0036567346293629,0.0036310816405056,
08377900,0.0026837191479091,0.0033629426292902,0.0038405275390809,0.0021720604158625
08378500,0.0029280613323272,0.0035714309649514,0.0032390086663937,0.0029795655672407
08380500,0.0034211245311727,0.0011859154572981,,0.0019521853806672
09034900,0.0015006075798663,0.0062579338524177,0.0042878404862106,0.0048126049160803
09035800,,0.0053438814622648,0.0030583834874746,0.0045591905105566
09035900,,0.0058140747389688,0.004274937891993,0.0043631265221621
09047700,0.0011568015434554,0.0030379342954982,0.0016962379294631,0.0017958138319639
09065500,0.0022451075624185,0.0090053470097559,0.0067257713885314,0.0074129644719159
09066000,0.0019576291350851,0.0055667356669919,0.0036244654645648,0.0043642998085525
09066200,0.003123754136889,0.0089685482624444,0.0067900693163259,0.0083909093107437
09066300,0.0012456680466104,0.0043403842123085,0.0033793098471923,0.0032515374573783
09081600,0.0038043787190507,0.0126379228040039,0.0056780931779983,0.0054500524118886
09107000,0.0027456697266179,0.0098157185381942,0.0057925786381151,0.0040804888176376
09210500,0.002231912126132,0.0059673054302158,0.0070794654320767,0.0024269905070254
09223000,,0.0049972370231525,0.0038805451389971,0.0029201655368437
09306242,,0.0010713777559991,,
09312600,,0.002537089335024,0.002061092262406,
09352900,0.0049338937871141,0.0101219132734052,0.0105411783969422,0.0081458535326389
09378170,0.0025715776745703,0.0046737886021711,,
09378630,0.0020709137992431,0.004186691210676,0.0030584015837954,0.0019975680733596
09386900,0.0008885424599951,,,
09404450,0.0016173865191771,0.0017019323488301,,
09430500,0.0041649018764335,0.0024655714447916,,0.001260709971782
09430600,0.0026259323142548,0.001868681625468,,
09447800,0.0014500075741663,0.0009153523854177,,
09480000,0.0031540515842367,0.001841220762602,,0.0015961631875291
09484000,0.0030371045609284,0.0027103532568283,,
09484600,0.0070815879950279,0.0035789614198706,0.0031533294958671,0.0056621360907503
09492400,0.0018903237000155,0.0024400940097088,0.0013883667968208,0.0018521885482379
09494000,0.003580862070357,0.0038984557772076,0.0025722888650479,0.0022746375328724
09497800,0.004633352475106,0.0029274908861631,,
09497980,0.0042380399957409,0.0034704109013796,0.0015022602704514,
09505200,0.0029908535826174,0.002208952611394,,
09505350,0.0043147553030584,0.0043728033330895,0.0022820502047872,
09505800,0.0019638895018701,0.0026383650058014,0.0011255336164131,
09508300,0.003846123963997,0.0051146284720755,,
09510200,0.0044707290301322,0.0046504835166439,,
09512280,0.0025456044071033,0.0016632421225485,,
09513780,0.0036744634311839,0.0028038380869755,,
10023000,,0.0033952247648644,0.0022775434155624,
10166430,0.0017048399972067,0.0028720445999477,,0.0035789104823827
10172700,0.0021415599505598,0.0028103078214857,,
10172800,0.0015787048251862,0.0044579410384673,0.0038810871500747,0.0043345407497165
10173450,,0.0053910436026269,0.00370836465512,
10205030,,0.0023171998121442,0.0024989746282053,0.0016717531149619
10234500,0.0019009601308758,0.0050449863910425,0.0021143222189767,
10242000,0.0018861270390235,0.0037778569603757,0.0035919349128464,0.0019761169077597
10244950,,0.0026819399856123,,0.001569429723696
10249300,,,0.0016955181048243,0.001034663892948
10258000,0.0023173893956685,0.0019319329216737,,0.0011668735976198
10258500,0.0024494739246607,0.0018020039085405,,0.0015276877607829
10259000,0.0037995215909481,0.003531657690188,,
10259200,0.0036411472627221,0.0025061845702632,,0.0014498881198074
10263500,0.0042684889069879,0.0024290459567728,,
10310500,0.0013774234221768,,,
10316500,0.0025147011615872,0.0082372901165349,0.0064393161430638,0.0074684258441604
10329500,0.0038704435058306,0.0027384448908241,0.002886053385831,0.0033222776712449
10336645,0.0075363953789179,0.0070467365948997,0.0047738940371122,0.0043727075948695
10336660,0.0043588962559603,0.0018188348902883,,
10336740,0.0041033677558506,0.0056449943114434,0.0030158627206907,0.0024546855096905
10343500,0.0034433391598021,0.0011375109649295,,0.000827166193598
10348850,0.0006718607955186,,,
10396000,0.006012940627012,0.0046795565834707,0.0049735940231771,0.00686256920049
11098000,0.0038996457497207,0.0033206781251382,0.0022301492188279,
11124500,0.0044216106308198,0.0036677312572828,0.0025197910798929,0.0022671281765472
11141280,0.0066217030527135,0.005690814959202,0.0027641360273036,0.0049952588159793
11143000,0.0095103898593187,0.0068272464262159,0.0030800720440806,0.0034569144798728
11148900,0.006797177251847,0.0061899516089161,0.0015938475843111,0.0038532263635314
11151300,0.0023229697034423,0.0012262543968289,,0.0011245731393468
11162500,0.0077092632727892,0.0067072587467984,0.0027451267935044,0.0033061677673156
11176400,0.0079134620650451,0.0059582732995842,0.0033953751318499,0.0026501172678102
11180500,0.0047132084730403,0.0037036106476152,0.0023476812038732,0.0026451527453026
11180960,0.0063527473042999,0.003724881133454,0.0023305052278906,0.0032103559400811
11224500,0.0006625820021881,0.0008042026712022,,0.0010360281737208
11230500,0.0019548781442743,0.0051447799011211,0.0037694019283152,0.002090300890595
11237500,0.0026342163455189,0.0040413286015726,0.001864469380204,0.0023441067805352
11253310,0.0015669235648266,0.0015306387643947,,0.001048409623969
11264500,0.0020589454533832,0.006338965871718,0.0055596457261161,0.0044562327648553
11266500,0.0025329019799631,0.0041862405118821,0.0039674079116222,0.0038448656993807
11274500,0.0050204199715904,0.0040319758369831,0.0017558002855548,0.0018044079003415
11274630,0.0041612201696774,0.0024832316952166,0.001282096918506,0.0015014318072466
11284400,0.0057341360419287,0.0040257504910868,0.0032543842669737,0.0015906341517959
11299600,0.0052561519298091,0.0045669163071337,0.0032237474960784,0.0015149837299777
11381500,0.0045036401554491,0.0029420293169004,0.0014326039247698,
11383500,0.0050170675147996,0.0031866389554844,0.0014280784764652,
11451100,0.0065056069511373,0.0045560216050512,0.0035507368250595,
11468500,0.009495578000947,0.0059849841300155,0.0023878367706959,0.0026699355420577
11473900,0.009035346001548,0.0054852513952535,0.003004135433326,0.0018480514866717
11475560,0.0062555002589374,0.0042563320895073,0.0014891242060796,0.0011848444784386
11476600,0.0117100760626953,0.0080277538465255,0.003397651543888,0.0029532881915655
11478500,0.0154508172030431,0.0106779613273855,0.0068104997306321,0.0041199164177309
11480390,0.0136867101185726,0.0085351119906681,0.0058797259043804,0.0020513902697129
11481200,0.0114882667831342,0.0094392672472832,0.0024972135187283,0.0027897656030849
11482500,0.0157357409163735,0.0117825841841795,0.0036536465812187,0.0038460853796126
11522500,0.0059263397401492,0.0031988760873428,0.0019421916965379,0.00122913678542
11523200,0.0053609215315547,0.0039617848157813,0.0023460087633087,0.0031186748316963
11528700,0.0090162084473696,0.0047106236970228,0.0027571395675724,0.0020185309454359
11532500,0.0160788686859885,0.0169400980544998,0.0076586813884932,0.0045535307387641
12010000,0.0209293907803669,0.0151120442219899,0.0049465434391635,0.0028191200329656
12013500,0.0303466033422961,0.0185065578414813,0.007905047861265,0.0056088860533651
12020000,0.002317261757042,0.000921730791991,,
12025000,0.0185659229902438,0.0143401483183687,0.0079072262779709,0.0046031057270198
12025700,0.011809181779563,0.0073888659440098,0.0042914621702499,0.0025556454928576
12035000,0.0274929798401789,0.01151496883833,0.0061849595770438,0.0039174459839404
12040500,0.0257634020899278,0.0170838373497871,0.0069214202840882,0.0044318789340948
12041200,0.029015682793847,0.0157353773189914,0.0073326137839701,0.0045504197192573
12043000,0.0237017475553887,0.0140477471375549,0.0052681016970598,0.0034414984733669
12048000,0.0162178352666615,0.0071839904891255,0.0041164425467134,0.0025982725898573
12054000,0.0185876527533496,0.0089481156705879,0.0045702017116133,0.0027061835045622
12056500,0.0176905814311455,0.0077418950753891,0.003847278231659,0.00217700376985
12073500,0.0060726190675943,0.0043055695462955,0.0022033986086888,0.0020186068125482
12082500,0.0101308976582238,0.0054581670332687,0.0037569202572132,0.0028271877805049
12092000,0.0095367603376649,0.0045234152388085,0.0016591449041902,
12095000,0.0068733633224331,0.0028726790270449,,
12114500,0.0132738587408948,0.0045319900612792,0.0032045994083851,0.0028093723563672
12115000,0.0143035046477174,0.0040584202745383,0.0034192879819224,0.0028673933388549
12115500,0.0124985444364951,0.005562860761203,0.0037258291154061,0.0025341326911408
12117000,0.0095211246546985,0.004171588237896,0.0024405541467823,0.0017864973739736
12141300,0.0224549681098937,0.0071337912938966,0.0047359234000916,0.0031076406698425
12143600,0.0176092597341241,0.0049360252150555,0.003565948669937,0.0025106214643889
12144000,0.0224782421853668,0.0071193887432912,0.0049055291125526,0.0039761720483257
12145500,0.0166354424902126,0.0086121045430726,0.0051217318695333,0.0040472156315014
12147500,0.0113587526800378,0.0069241493048061,0.004908842463641,0.0026036348336713
12147600,0.0115059525620811,0.0078147227385243,0.0055474859665194,0.0033180095024312
12167000,0.0165611602430221,0.011210139337953,0.0069478631175012,0.0044683431567623
12175500,0.0077463949957889,0.0081348672924145,0.0080216907034463,0.0081709803447336
12178100,0.0044653989911389,0.0020024499562441,,0.0013618149237719
12186000,0.0050339733480851,0.0019300307358597,,0.0013128877149517
12189500,0.0165288458818064,0.005345497091803,0.0032605403429993,0.0027694481512952
12358500,0.0039235743866583,0.0093326605600811,0.0088547511606046,0.0101294881070799
12374250,0.0014477906765084,0.0037560689498826,0.0038509703405476,
12375900,0.0022863440576493,0.0049396626862089,0.0052423931000489,0.0080052752050797
12377150,0.0038982675400286,0.0126024199239649,0.0121420559907333,0.0137929213572239
12381400,,0.0057218324861859,0.0033605619237083,0.003993941553341
12383500,0.001933806413962,0.0073414159721729,0.0064993025770381,0.0092228270148476
12388400,0.0025327960951487,0.0073798157079059,0.0059035781463741,0.0048834134752283
12390700,0.0034230870682749,0.0043417335585225,0.0041197065915917,0.0041644935898197
12411000,0.0067917014834212,0.0041679015006635,0.0064847189452267,0.0049619775525416
12414500,0.0065096884890104,0.0082221931774831,0.0083123611137384,0.0062798094536303
12447390,0.0016360177187104,0.0081832807539665,0.0065801778304022,0.0033078318681907
12451000,0.0071554553718101,0.0169584207042394,0.0122336038503924,0.0089110957066557
12488500,0.0083199839718089,0.0093346970250755,0.0079088821931071,0.0080580829840048
13011500,0.0025361580266958,0.0089846247710723,0.0064040477507803,0.0032786177433439
13011900,0.0017964960782794,0.0112863687419412,0.0080613725780834,0.0057067593901294
13018300,,0.0039719800698589,0.0031413964343188,0.0033047769559594
13023000,0.0017321072230686,0.0093674563696863,0.0100761037529547,0.0058351709954778
13083000,0.0020085997703154,0.0025528029029195,,0.0018064906412433
13161500,0.0032361796149398,0.002543951527668,0.0031472010441728,0.0030558702820718
13235000,0.0022824224599347,0.0076897490973468,0.0095471780988087,0.0079757053618352
13240000,0.0017002404176416,0.0052601787000975,0.0063430511674702,0.0048195174777081
13310700,0.0047950407391891,0.0074502758976105,0.009995624200087,0.0064829028484574
13313000,0.0024327028876414,0.0068321170697677,0.0082902349618994,0.0033568588759619
13331500,0.0042789291661806,0.0093979279483237,0.0101776980464178,0.0085714271960277
13337000,0.0034210361335408,0.0082625394652336,0.0115253892067614,0.0056718964562965
13338500,0.0032978034479493,0.0045988967298732,0.0079765421530967,0.0049160819593461
13340000,0.005130441935736,0.0062253217434663,0.0121594695056505,0.0070368916577616
13340600,0.0061257657298121,0.0081757627575403,0.0114675922009315,0.007940439488433
14020000,0.0104040237145006,0.0025929455541477,0.0036242156232589,0.0047876804924565
14092750,0.0094151667751529,0.0028338556414018,,
14096850,0.0050648839306129,0.0019739171888579,,
14137000,0.0141336258782975,0.0048279595305446,0.0026136561136954,
14138800,0.01823090025271,0.00787381028404,0.0052721730411777,0.0024245211832051
14138870,0.0128651541168193,0.006811583614636,0.0035159248157233,0.0019451347417991
14138900,0.0188897372885271,0.0088269368449771,0.0054977212070072,0.003272632064549
14139800,0.0219976690763605,0.008119311406749,0.00534513527373,0.0026979752918559
14141500,0.0216569506912271,0.0096776619023163,0.0058970193234589,0.0033384592093108
14154500,0.0157421523876729,0.010947175149569,0.0060415837721407,0.0031142483451942
14158500,0.0187361078487606,0.0080175491053335,0.0061685231034964,0.0051204517607387
14158790,0.0182490790840703,0.0096776274355648,0.0064335961393818,0.0044628004742062
14166500,0.0286973402999062,0.012385288208399,0.006127345739827,0.0031799532078032
14182500,0.0065473101252285,0.004068171525558,0.0013831126113939,
14185000,0.0168010487920584,0.0095982386153101,0.0042924335247889,0.0023743188012934
14185900,0.0246919205042824,0.0147887881283458,0.0079356137764367,0.0040201809271591
14187000,0.0116952990886025,0.0104616474701689,0.0057172624411551,0.0031374318396247
14216500,0.014155502980447,0.0039821795264221,0.0024150979989872,0.0021537277520358
14222500,0.0111543217669059,0.0062861815848878,0.003681621157555,0.0023866822728575
14236200,0.0115932079118411,0.0072359559130724,0.0046351167906488,0.0029690834856308
14301000,0.0249464671217908,0.0123570134490132,0.0064625321930772,0.0030173263137938
14303200,0.0215041273553413,0.010389051589608,0.0050774266873078,0.0033123073675219
14305500,0.0200011104275427,0.012934533842788,0.0050194828002346,0.0030964862564255
14306340,0.0210461910350162,0.0100586106391499,0.0047528038708944,0.0022910496903818
14306500,0.0341391693766854,0.0172388127271831,0.0076568934336314,0.0043436149059053
14308990,0.0099208280880365,0.0057789281720692,0.0031429417079476,
14309500,0.0135246154838319,0.0140277711713741,0.0084277177264731,0.0041585708046283
14316700,0.019048748332281,0.0152550476518398,0.0092170652001394,0.0053949026315286
14325000,0.0144745852604907,0.0163306045073669,0.0081638273108665,0.0052333052376767
14362250,0.0025114921289274,,,
14400000,0.0199226756082969,0.0181409041298531,0.0098332618720026,0.0041148998744037
