forcing,rank,attribute,n_TE,r_TE,abs_r_TE
PRCP,1,q95,669,0.43979275899332004,0.43979275899332004
PRCP,2,runoff_ratio,669,0.3993251696584298,0.3993251696584298
PRCP,3,q_mean,669,0.3876849501511715,0.3876849501511715
PRCP,4,low_prec_freq,670,-0.3799615165603679,0.3799615165603679
PRCP,5,high_prec_freq,670,-0.3631380261180746,0.3631380261180746
PRCP,6,p_mean,670,0.3155081571791582,0.3155081571791582
PRCP,7,p_seasonality,670,-0.289451016735889,0.289451016735889
PRCP,8,aridity,670,-0.24981582820279535,0.24981582820279535
PRCP,9,q5,669,0.24837027237658021,0.24837027237658021
PRCP,10,slope_mean,670,0.23547123126052294,0.23547123126052294
PRCP,11,frac_forest,670,0.2212849159805068,0.2212849159805068
PRCP,12,slope_fdc,669,0.2119806132884341,0.2119806132884341
PRCP,13,pet_mean,670,-0.20492889238349868,0.20492889238349868
PRCP,14,stream_elas,669,-0.19731750252683078,0.19731750252683078
PRCP,15,frac_snow,670,0.15629511683076647,0.15629511683076647
PRCP,16,zero_q_freq,669,-0.15083483782301163,0.15083483782301163
PRCP,17,clay_frac,670,-0.1422156008568315,0.1422156008568315
PRCP,18,gvf_max,670,0.1418116770901085,0.1418116770901085
PRCP,19,gvf_diff,670,-0.13205354153994836,0.13205354153994836
PRCP,20,low_prec_dur,670,-0.1314331301638299,0.1314331301638299
PRCP,21,hfd_mean,669,-0.12812160807413253,0.12812160807413253
PRCP,22,baseflow_index,670,0.12356532313032874,0.12356532313032874
PRCP,23,high_prec_dur,670,0.11847323943101112,0.11847323943101112
PRCP,24,glim_1st_class_frac,670,-0.10932413179554122,0.10932413179554122
PRCP,25,dom_land_cover_frac,670,0.10761371847758076,0.10761371847758076
PRCP,26,silt_frac,670,0.10675118205852392,0.10675118205852392
PRCP,27,lai_max,670,0.10197637394538629,0.10197637394538629
PRCP,28,low_q_freq,669,-0.09050915019237135,0.09050915019237135
PRCP,29,glim_2nd_class_frac,670,0.0892190545932723,0.0892190545932723
PRCP,30,elev_mean,670,0.08213680220178543,0.08213680220178543
PRCP,31,high_q_freq,669,-0.08200248435594312,0.08200248435594312
PRCP,32,carbonate_rocks_frac,670,-0.08116307879086149,0.08116307879086149
PRCP,33,geol_permeability,670,-0.07826021497448005,0.07826021497448005
PRCP,34,high_q_dur,669,-0.07503471801393985,0.07503471801393985
PRCP,35,area_gages2,670,0.05639915903553082,0.05639915903553082
PRCP,36,area_geospa_fabric,670,0.056067837199316614,0.056067837199316614
PRCP,37,sand_frac,670,0.034528419791131776,0.034528419791131776
PRCP,38,low_q_dur,669,-0.03420083620751551,0.03420083620751551
PRCP,39,geol_porostiy,667,-0.029501052119064675,0.029501052119064675
PRCP,40,soil_conductivity,670,0.028180547564751034,0.028180547564751034
PRCP,41,organic_frac,670,0.02789519131720795,0.02789519131720795
PRCP,42,water_frac,670,0.027344789537612685,0.027344789537612685
PRCP,43,root_depth_50,646,0.018951346102403014,0.018951346102403014
PRCP,44,soil_porosity,670,0.01791488790921081,0.01791488790921081
PRCP,45,other_frac,670,0.013927873108707233,0.013927873108707233
PRCP,46,soil_depth_pelletier,670,-0.011859219423387671,0.011859219423387671
PRCP,47,root_depth_99,646,-0.011115704550563238,0.011115704550563238
PRCP,48,soil_depth_statsgo,670,-0.010058222235332082,0.010058222235332082
PRCP,49,max_water_content,670,-0.008280937644550401,0.008280937644550401
PRCP,50,lai_diff,670,-0.0061883331100187015,0.0061883331100187015
SRAD,1,q95,652,0.6055796567385408,0.6055796567385408
SRAD,2,runoff_ratio,652,0.5607286163580988,0.5607286163580988
SRAD,3,q_mean,652,0.5325802187808325,0.5325802187808325
SRAD,4,high_prec_freq,653,-0.45771886060180184,0.45771886060180184
SRAD,5,slope_mean,653,0.43082591359578726,0.43082591359578726
SRAD,6,p_seasonality,653,-0.42573427359063815,0.42573427359063815
SRAD,7,low_prec_freq,653,-0.41373409183651355,0.41373409183651355
SRAD,8,p_mean,653,0.3793071194525224,0.3793071194525224
SRAD,9,q5,652,0.293213655804436,0.293213655804436
SRAD,10,gvf_diff,653,-0.2905483731630155,0.2905483731630155
SRAD,11,stream_elas,652,-0.28284545456478427,0.28284545456478427
SRAD,12,high_prec_dur,653,0.27700811643384715,0.27700811643384715
SRAD,13,frac_snow,653,0.26903262182495336,0.26903262182495336
SRAD,14,slope_fdc,652,0.2501632145844428,0.2501632145844428
SRAD,15,elev_mean,653,0.23658193868917238,0.23658193868917238
SRAD,16,pet_mean,653,-0.22505189423469174,0.22505189423469174
SRAD,17,aridity,653,-0.22309149351479468,0.22309149351479468
SRAD,18,frac_forest,653,0.2218009274440495,0.2218009274440495
SRAD,19,glim_1st_class_frac,653,-0.19940347870381508,0.19940347870381508
SRAD,20,baseflow_index,653,0.15926337530245882,0.15926337530245882
SRAD,21,soil_depth_pelletier,653,-0.15766157953250062,0.15766157953250062
SRAD,22,glim_2nd_class_frac,653,0.15440988168102068,0.15440988168102068
SRAD,23,other_frac,653,0.14774270556564145,0.14774270556564145
SRAD,24,dom_land_cover_frac,653,0.13884308499347003,0.13884308499347003
SRAD,25,clay_frac,653,-0.13165733478190017,0.13165733478190017
SRAD,26,lai_diff,653,-0.13117742571153665,0.13117742571153665
SRAD,27,zero_q_freq,652,-0.11734306843140181,0.11734306843140181
SRAD,28,root_depth_50,629,-0.11461049004023438,0.11461049004023438
SRAD,29,carbonate_rocks_frac,653,-0.1018751081672462,0.1018751081672462
SRAD,30,max_water_content,653,-0.09799713782059963,0.09799713782059963
SRAD,31,silt_frac,653,0.08577357877309275,0.08577357877309275
SRAD,32,soil_depth_statsgo,653,-0.08262611543254214,0.08262611543254214
SRAD,33,hfd_mean,652,-0.07537349232097333,0.07537349232097333
SRAD,34,low_q_dur,652,0.07045728665996252,0.07045728665996252
SRAD,35,root_depth_99,629,-0.06711993568359771,0.06711993568359771
SRAD,36,low_prec_dur,653,-0.056327726716524466,0.056327726716524466
SRAD,37,geol_permeability,653,-0.04392607463708895,0.04392607463708895
SRAD,38,gvf_max,653,0.042545647265406626,0.042545647265406626
SRAD,39,low_q_freq,652,-0.03951475802459799,0.03951475802459799
SRAD,40,high_q_freq,652,-0.03697009247304167,0.03697009247304167
SRAD,41,geol_porostiy,650,-0.02778397732125269,0.02778397732125269
SRAD,42,organic_frac,653,-0.025534376875293245,0.025534376875293245
SRAD,43,soil_porosity,653,-0.021505198122448606,0.021505198122448606
SRAD,44,water_frac,653,0.019268075910167604,0.019268075910167604
SRAD,45,sand_frac,653,0.017535518248170127,0.017535518248170127
SRAD,46,lai_max,653,0.011729492040328025,0.011729492040328025
SRAD,47,high_q_dur,652,-0.005381193460624319,0.005381193460624319
SRAD,48,area_gages2,653,0.0023116323880220603,0.0023116323880220603
SRAD,49,soil_conductivity,653,0.002182704036469866,0.002182704036469866
SRAD,50,area_geospa_fabric,653,0.0012463775004104088,0.0012463775004104088
Tair,1,high_prec_freq,593,-0.4762285028636926,0.4762285028636926
Tair,2,runoff_ratio,592,0.4744980385065105,0.4744980385065105
Tair,3,q95,592,0.4707789225275498,0.4707789225275498
Tair,4,low_prec_freq,593,-0.46321621686065917,0.46321621686065917
Tair,5,q_mean,592,0.40263644760939926,0.40263644760939926
Tair,6,p_mean,593,0.29193451383962477,0.29193451383962477
Tair,7,stream_elas,592,-0.27926259232476813,0.27926259232476813
Tair,8,p_seasonality,593,-0.2709067567797623,0.2709067567797623
Tair,9,slope_fdc,592,0.2705836392489416,0.2705836392489416
Tair,10,slope_mean,593,0.26762875219044313,0.26762875219044313
Tair,11,pet_mean,593,-0.25060081277657054,0.25060081277657054
Tair,12,aridity,593,-0.2349806497257499,0.2349806497257499
Tair,13,frac_snow,593,0.2294131867959086,0.2294131867959086
Tair,14,frac_forest,593,0.22428680340892024,0.22428680340892024
Tair,15,q5,592,0.20555978447034715,0.20555978447034715
Tair,16,low_prec_dur,593,-0.16134875584022038,0.16134875584022038
Tair,17,zero_q_freq,592,-0.1481955184052555,0.1481955184052555
Tair,18,elev_mean,593,0.1458326826484525,0.1458326826484525
Tair,19,glim_1st_class_frac,593,-0.1397625223676407,0.1397625223676407
Tair,20,clay_frac,593,-0.1297005923239856,0.1297005923239856
Tair,21,silt_frac,593,0.12280238976990576,0.12280238976990576
Tair,22,dom_land_cover_frac,593,0.11728175314594275,0.11728175314594275
Tair,23,gvf_diff,593,-0.11547982547271901,0.11547982547271901
Tair,24,baseflow_index,593,0.11396672470269228,0.11396672470269228
Tair,25,gvf_max,593,0.10491889471876578,0.10491889471876578
Tair,26,glim_2nd_class_frac,593,0.10187246108670997,0.10187246108670997
Tair,27,soil_depth_pelletier,593,-0.10038017257502917,0.10038017257502917
Tair,28,geol_permeability,593,-0.09258702439990711,0.09258702439990711
Tair,29,high_q_freq,592,-0.08821018828682714,0.08821018828682714
Tair,30,hfd_mean,592,-0.07964645738648915,0.07964645738648915
Tair,31,high_prec_dur,593,0.07600284101747466,0.07600284101747466
Tair,32,other_frac,593,0.07298956917184365,0.07298956917184365
Tair,33,lai_max,593,0.07246102288071436,0.07246102288071436
Tair,34,high_q_dur,592,-0.06461601117739174,0.06461601117739174
Tair,35,soil_depth_statsgo,593,-0.06426075924942662,0.06426075924942662
Tair,36,root_depth_99,569,-0.06007104869190553,0.06007104869190553
Tair,37,max_water_content,593,-0.05660497892746408,0.05660497892746408
Tair,38,root_depth_50,569,-0.05209202265438038,0.05209202265438038
Tair,39,low_q_freq,592,-0.03859270103538141,0.03859270103538141
Tair,40,water_frac,593,0.035949440729612786,0.035949440729612786
Tair,41,carbonate_rocks_frac,593,-0.03029263146865304,0.03029263146865304
Tair,42,soil_porosity,593,0.028845183960406962,0.028845183960406962
Tair,43,low_q_dur,592,0.02764225347827512,0.02764225347827512
Tair,44,area_gages2,593,0.026174190378398108,0.026174190378398108
Tair,45,area_geospa_fabric,593,0.02476023518149653,0.02476023518149653
Tair,46,geol_porostiy,590,-0.022285142104321354,0.022285142104321354
Tair,47,soil_conductivity,593,-0.015994982048081408,0.015994982048081408
Tair,48,lai_diff,593,-0.013650127370715609,0.013650127370715609
Tair,49,organic_frac,593,0.001793487746443682,0.001793487746443682
Tair,50,sand_frac,593,-0.00121414866780193,0.00121414866780193
VP,1,low_prec_freq,577,-0.451704861811109,0.451704861811109
VP,2,high_prec_freq,577,-0.4183823314376345,0.4183823314376345
VP,3,runoff_ratio,576,0.36516567118996285,0.36516567118996285
VP,4,q95,576,0.33797655341217897,0.33797655341217897
VP,5,q_mean,576,0.29199014504205656,0.29199014504205656
VP,6,low_prec_dur,577,-0.28697596693866795,0.28697596693866795
VP,7,aridity,577,-0.280056308475937,0.280056308475937
VP,8,p_mean,577,0.2496426523559399,0.2496426523559399
VP,9,slope_fdc,576,0.24324588381483603,0.24324588381483603
VP,10,pet_mean,577,-0.2372317575030756,0.2372317575030756
VP,11,zero_q_freq,576,-0.20321506567472325,0.20321506567472325
VP,12,stream_elas,576,-0.2015122887652467,0.2015122887652467
VP,13,frac_forest,577,0.1898074934106464,0.1898074934106464
VP,14,q5,576,0.1869997651095141,0.1869997651095141
VP,15,frac_snow,577,0.18376428483730772,0.18376428483730772
VP,16,clay_frac,577,-0.1782363648286253,0.1782363648286253
VP,17,silt_frac,577,0.1566661028929774,0.1566661028929774
VP,18,slope_mean,577,0.14706365868004112,0.14706365868004112
VP,19,gvf_max,577,0.14674830973523018,0.14674830973523018
VP,20,high_q_freq,576,-0.12961656698372698,0.12961656698372698
VP,21,lai_max,577,0.12269984734609697,0.12269984734609697
VP,22,low_q_dur,576,-0.11804897206852888,0.11804897206852888
VP,23,high_prec_dur,577,-0.11592458535232467,0.11592458535232467
VP,24,high_q_dur,576,-0.1104430906158432,0.1104430906158432
VP,25,baseflow_index,577,0.10471348149249007,0.10471348149249007
VP,26,p_seasonality,577,-0.10430746627670422,0.10430746627670422
VP,27,geol_permeability,577,-0.09760683379808731,0.09760683379808731
VP,28,dom_land_cover_frac,577,0.09712077911028122,0.09712077911028122
VP,29,low_q_freq,576,-0.09496389062049801,0.09496389062049801
VP,30,lai_diff,577,0.09458507359154542,0.09458507359154542
VP,31,soil_depth_statsgo,577,0.09010874755585029,0.09010874755585029
VP,32,elev_mean,577,0.0882034893031311,0.0882034893031311
VP,33,glim_1st_class_frac,577,-0.08099263838073048,0.08099263838073048
VP,34,max_water_content,577,0.07780021278761642,0.07780021278761642
VP,35,glim_2nd_class_frac,577,0.06665997258345902,0.06665997258345902
VP,36,soil_conductivity,577,0.059296035196650186,0.059296035196650186
VP,37,root_depth_50,554,0.05662524868569543,0.05662524868569543
VP,38,area_gages2,577,0.04881805000512934,0.04881805000512934
VP,39,gvf_diff,577,0.04840249265280447,0.04840249265280447
VP,40,area_geospa_fabric,577,0.047100581395155994,0.047100581395155994
VP,41,soil_porosity,577,0.04078981214982362,0.04078981214982362
VP,42,water_frac,577,0.03882666154648591,0.03882666154648591
VP,43,geol_porostiy,574,-0.0386841750725612,0.0386841750725612
VP,44,sand_frac,577,0.034813899506091615,0.034813899506091615
VP,45,organic_frac,577,0.03328640729067373,0.03328640729067373
VP,46,hfd_mean,576,-0.026926219020473804,0.026926219020473804
VP,47,root_depth_99,554,-0.022503681127877595,0.022503681127877595
VP,48,other_frac,577,0.01999691736261274,0.01999691736261274
VP,49,carbonate_rocks_frac,577,-0.01808799789624904,0.01808799789624904
VP,50,soil_depth_pelletier,577,-0.009430180563373775,0.009430180563373775
