forcing,attribute,n,r,abs_r,rank
PRCP,q95,631,0.6274441048402353,0.6274441048402353,1
PRCP,q_mean,631,0.6115982764735018,0.6115982764735018,2
PRCP,p_mean,632,0.5845321814781208,0.5845321814781208,3
PRCP,runoff_ratio,631,0.44446188700243705,0.44446188700243705,4
PRCP,low_prec_freq,632,-0.411223403601254,0.411223403601254,5
PRCP,q5,631,0.3924912302259626,0.3924912302259626,6
PRCP,high_prec_freq,632,-0.38203966800582045,0.38203966800582045,7
PRCP,p_seasonality,632,-0.36501550881113487,0.36501550881113487,8
PRCP,hfd_mean,631,-0.3601175362832041,0.3601175362832041,9
PRCP,aridity,632,-0.3374759570962589,0.3374759570962589,10
PRCP,slope_fdc,631,0.28133667126434436,0.28133667126434436,11
PRCP,gvf_diff,632,-0.25411412228083957,0.25411412228083957,12
PRCP,high_prec_dur,632,0.24431832968483674,0.24431832968483674,13
PRCP,gvf_max,632,0.2239339033292294,0.2239339033292294,14
PRCP,frac_forest,632,0.21491176174709598,0.21491176174709598,15
PRCP,pet_mean,632,-0.2066446937803577,0.2066446937803577,16
PRCP,slope_mean,632,0.19077156833299866,0.19077156833299866,17
PRCP,stream_elas,631,-0.18327749881692387,0.18327749881692387,18
PRCP,lai_max,632,0.1715284917218602,0.1715284917218602,19
PRCP,elev_mean,632,-0.1582393340685998,0.1582393340685998,20
PRCP,high_q_dur,631,-0.15648898029373973,0.15648898029373973,21
PRCP,glim_2nd_class_frac,632,0.14635966947174037,0.14635966947174037,22
PRCP,glim_1st_class_frac,632,-0.1306598507599905,0.1306598507599905,23
PRCP,carbonate_rocks_frac,632,-0.12075933418192583,0.12075933418192583,24
PRCP,high_q_freq,631,-0.10899092174227387,0.10899092174227387,25
PRCP,zero_q_freq,631,-0.10828604818663934,0.10828604818663934,26
PRCP,frac_snow,632,-0.09286054749750543,0.09286054749750543,27
PRCP,geol_porostiy,629,0.08994838786594814,0.08994838786594814,28
PRCP,root_depth_50,610,0.08350150105709099,0.08350150105709099,29
PRCP,clay_frac,632,-0.08304108030850213,0.08304108030850213,30
PRCP,soil_conductivity,632,0.0805537815221203,0.0805537815221203,31
PRCP,dom_land_cover_frac,632,0.08039741493532096,0.08039741493532096,32
PRCP,baseflow_index,632,0.06365861624503318,0.06365861624503318,33
PRCP,low_prec_dur,632,-0.054099493420468936,0.054099493420468936,34
PRCP,root_depth_99,610,0.05364816765910591,0.05364816765910591,35
PRCP,sand_frac,632,0.05276176090575224,0.05276176090575224,36
PRCP,geol_permeability,632,0.0494958667555089,0.0494958667555089,37
PRCP,area_gages2,632,0.04748916938356861,0.04748916938356861,38
PRCP,area_geospa_fabric,632,0.04330165667253502,0.04330165667253502,39
PRCP,low_q_freq,631,-0.040937660522707225,0.040937660522707225,40
PRCP,soil_depth_pelletier,632,0.040277341837412245,0.040277341837412245,41
PRCP,organic_frac,632,0.03110483271509068,0.03110483271509068,42
PRCP,soil_porosity,632,-0.02860709662390561,0.02860709662390561,43
PRCP,soil_depth_statsgo,632,0.027202376077277275,0.027202376077277275,44
PRCP,water_frac,632,-0.013604208978091179,0.013604208978091179,45
PRCP,max_water_content,632,-0.008078426275429096,0.008078426275429096,46
PRCP,low_q_dur,631,0.00786451564605,0.00786451564605,47
PRCP,lai_diff,632,-0.00783298448499888,0.00783298448499888,48
PRCP,other_frac,632,-0.006971840451746694,0.006971840451746694,49
PRCP,silt_frac,632,0.002371199775862254,0.002371199775862254,50
SRAD,q95,512,0.6384099688493727,0.6384099688493727,1
SRAD,runoff_ratio,512,0.5992293096089772,0.5992293096089772,2
SRAD,q_mean,512,0.5478115180006644,0.5478115180006644,3
SRAD,slope_mean,513,0.4873722877425459,0.4873722877425459,4
SRAD,high_prec_freq,513,-0.4859227547722783,0.4859227547722783,5
SRAD,p_seasonality,513,-0.4609574259566929,0.4609574259566929,6
SRAD,low_prec_freq,513,-0.4420235949240672,0.4420235949240672,7
SRAD,p_mean,513,0.39695828862658594,0.39695828862658594,8
SRAD,gvf_diff,513,-0.32619568513655894,0.32619568513655894,9
SRAD,frac_snow,513,0.31437649679435087,0.31437649679435087,10
SRAD,stream_elas,512,-0.29779953468328013,0.29779953468328013,11
SRAD,q5,512,0.28369286068093247,0.28369286068093247,12
SRAD,elev_mean,513,0.2775839336087687,0.2775839336087687,13
SRAD,high_prec_dur,513,0.27219287379484575,0.27219287379484575,14
SRAD,frac_forest,513,0.268727319983499,0.268727319983499,15
SRAD,aridity,513,-0.25068269055008546,0.25068269055008546,16
SRAD,slope_fdc,512,0.24822986524162538,0.24822986524162538,17
SRAD,pet_mean,513,-0.23283630065875024,0.23283630065875024,18
SRAD,glim_1st_class_frac,513,-0.19867551520659887,0.19867551520659887,19
SRAD,soil_depth_pelletier,513,-0.19447924962059993,0.19447924962059993,20
SRAD,root_depth_50,492,-0.1757389749218187,0.1757389749218187,21
SRAD,baseflow_index,513,0.1632356926666082,0.1632356926666082,22
SRAD,glim_2nd_class_frac,513,0.1522084962591512,0.1522084962591512,23
SRAD,lai_diff,513,-0.15138481334242287,0.15138481334242287,24
SRAD,carbonate_rocks_frac,513,-0.1490878151552343,0.1490878151552343,25
SRAD,clay_frac,513,-0.13961158735207183,0.13961158735207183,26
SRAD,dom_land_cover_frac,513,0.1394998496630095,0.1394998496630095,27
SRAD,zero_q_freq,512,-0.12880300773423864,0.12880300773423864,28
SRAD,other_frac,513,0.1273804442809314,0.1273804442809314,29
SRAD,max_water_content,513,-0.10366923211199708,0.10366923211199708,30
SRAD,root_depth_99,492,-0.09640935040239758,0.09640935040239758,31
SRAD,low_prec_dur,513,-0.07284235750825555,0.07284235750825555,32
SRAD,soil_depth_statsgo,513,-0.07199407545274274,0.07199407545274274,33
SRAD,silt_frac,513,0.07192995411657412,0.07192995411657412,34
SRAD,low_q_dur,512,0.06279151976348563,0.06279151976348563,35
SRAD,soil_porosity,513,-0.04349628971610317,0.04349628971610317,36
SRAD,geol_permeability,513,-0.04139897641753681,0.04139897641753681,37
SRAD,low_q_freq,512,-0.040325122039814504,0.040325122039814504,38
SRAD,high_q_freq,512,-0.03880281914246551,0.03880281914246551,39
SRAD,organic_frac,513,-0.03799588001883128,0.03799588001883128,40
SRAD,gvf_max,513,0.03740538169601795,0.03740538169601795,41
SRAD,sand_frac,513,0.03188236401047924,0.03188236401047924,42
SRAD,hfd_mean,512,-0.03168846315006012,0.03168846315006012,43
SRAD,area_geospa_fabric,513,-0.028518561271451026,0.028518561271451026,44
SRAD,high_q_dur,512,0.02739129961562054,0.02739129961562054,45
SRAD,area_gages2,513,-0.024684504750227772,0.024684504750227772,46
SRAD,geol_porostiy,510,-0.02196959284942667,0.02196959284942667,47
SRAD,soil_conductivity,513,0.016781994681654862,0.016781994681654862,48
SRAD,water_frac,513,-0.012256591443009465,0.012256591443009465,49
SRAD,lai_max,513,0.0069734051546005565,0.0069734051546005565,50
Tair,frac_snow,358,0.4649593441865611,0.4649593441865611,1
Tair,runoff_ratio,357,0.4649266944665961,0.4649266944665961,2
Tair,slope_mean,358,0.4423213750223811,0.4423213750223811,3
Tair,high_prec_freq,358,-0.43846326901773197,0.43846326901773197,4
Tair,stream_elas,357,-0.36935944706049517,0.36935944706049517,5
Tair,low_prec_freq,358,-0.3544932469314743,0.3544932469314743,6
Tair,elev_mean,358,0.3404446154551304,0.3404446154551304,7
Tair,q95,357,0.3295108163720035,0.3295108163720035,8
Tair,baseflow_index,358,0.3287286264955217,0.3287286264955217,9
Tair,other_frac,358,0.2751024333353432,0.2751024333353432,10
Tair,q_mean,357,0.27461954863557014,0.27461954863557014,11
Tair,p_seasonality,358,-0.2635584787173647,0.2635584787173647,12
Tair,glim_1st_class_frac,358,-0.2570225540432059,0.2570225540432059,13
Tair,clay_frac,358,-0.2516675523379005,0.2516675523379005,14
Tair,gvf_diff,358,-0.24684365771097305,0.24684365771097305,15
Tair,hfd_mean,357,0.24095428303815786,0.24095428303815786,16
Tair,q5,357,0.22919357658771172,0.22919357658771172,17
Tair,geol_porostiy,355,-0.22641500304942075,0.22641500304942075,18
Tair,root_depth_50,340,-0.22240599587887078,0.22240599587887078,19
Tair,lai_diff,358,-0.21850192772151902,0.21850192772151902,20
Tair,glim_2nd_class_frac,358,0.20749066232881885,0.20749066232881885,21
Tair,pet_mean,358,-0.17978096400398064,0.17978096400398064,22
Tair,gvf_max,358,-0.17829457687669734,0.17829457687669734,23
Tair,lai_max,358,-0.17243664954144045,0.17243664954144045,24
Tair,slope_fdc,357,0.1686762989054803,0.1686762989054803,25
Tair,soil_depth_pelletier,358,-0.16438744575074227,0.16438744575074227,26
Tair,high_prec_dur,358,0.15914518049298362,0.15914518049298362,27
Tair,root_depth_99,340,-0.15597748018500232,0.15597748018500232,28
Tair,frac_forest,358,0.14886040507377019,0.14886040507377019,29
Tair,zero_q_freq,357,-0.1469699498839409,0.1469699498839409,30
Tair,low_q_freq,357,-0.13568546291252226,0.13568546291252226,31
Tair,sand_frac,358,0.13041396318598494,0.13041396318598494,32
Tair,p_mean,358,0.11177366731417375,0.11177366731417375,33
Tair,soil_conductivity,358,0.11144250617463906,0.11144250617463906,34
Tair,area_gages2,358,0.10216199207843052,0.10216199207843052,35
Tair,area_geospa_fabric,358,0.1005100936217684,0.1005100936217684,36
Tair,aridity,358,-0.09662332827179376,0.09662332827179376,37
Tair,silt_frac,358,-0.09505031376573053,0.09505031376573053,38
Tair,low_prec_dur,358,-0.08835398862997512,0.08835398862997512,39
Tair,soil_porosity,358,-0.08358460889763467,0.08358460889763467,40
Tair,high_q_dur,357,0.07055223094578213,0.07055223094578213,41
Tair,water_frac,358,0.058253473930220886,0.058253473930220886,42
Tair,high_q_freq,357,-0.05228752343649603,0.05228752343649603,43
Tair,low_q_dur,357,0.04411335236458621,0.04411335236458621,44
Tair,max_water_content,358,-0.04045519619946633,0.04045519619946633,45
Tair,geol_permeability,358,0.03665622688454342,0.03665622688454342,46
Tair,organic_frac,358,0.03382108544595897,0.03382108544595897,47
Tair,soil_depth_statsgo,358,0.027699703953425733,0.027699703953425733,48
Tair,dom_land_cover_frac,358,-0.023228571870935567,0.023228571870935567,49
Tair,carbonate_rocks_frac,358,-0.019693852426841886,0.019693852426841886,50
VP,frac_snow,388,0.5322370810153582,0.5322370810153582,1
VP,elev_mean,388,0.4206189040757966,0.4206189040757966,2
VP,runoff_ratio,388,0.4062293552482278,0.4062293552482278,3
VP,slope_mean,388,0.4033583293444769,0.4033583293444769,4
VP,high_prec_freq,388,-0.3727318249442233,0.3727318249442233,5
VP,stream_elas,388,-0.3257260506639694,0.3257260506639694,6
VP,hfd_mean,388,0.3202965835866454,0.3202965835866454,7
VP,other_frac,388,0.29373857154107885,0.29373857154107885,8
VP,low_prec_freq,388,-0.2794266384018922,0.2794266384018922,9
VP,baseflow_index,388,0.2738066524416708,0.2738066524416708,10
VP,q95,388,0.2270367028547752,0.2270367028547752,11
VP,clay_frac,388,-0.22567123098366457,0.22567123098366457,12
VP,glim_1st_class_frac,388,-0.20882849901027328,0.20882849901027328,13
VP,root_depth_50,370,-0.20794239693367828,0.20794239693367828,14
VP,p_seasonality,388,-0.2050586769819011,0.2050586769819011,15
VP,zero_q_freq,388,-0.19896993590468634,0.19896993590468634,16
VP,geol_porostiy,386,-0.17982726859100995,0.17982726859100995,17
VP,q5,388,0.17929219964174592,0.17929219964174592,18
VP,gvf_max,388,-0.16829031232167493,0.16829031232167493,19
VP,gvf_diff,388,-0.16677757038828062,0.16677757038828062,20
VP,q_mean,388,0.16501935036765486,0.16501935036765486,21
VP,lai_diff,388,-0.16270438676084525,0.16270438676084525,22
VP,glim_2nd_class_frac,388,0.160207942749307,0.160207942749307,23
VP,root_depth_99,370,-0.15960701121919324,0.15960701121919324,24
VP,soil_depth_pelletier,388,-0.1588101255014222,0.1588101255014222,25
VP,lai_max,388,-0.15273150898975896,0.15273150898975896,26
VP,low_prec_dur,388,-0.14316411779061414,0.14316411779061414,27
VP,low_q_freq,388,-0.14143684773831672,0.14143684773831672,28
VP,frac_forest,388,0.13024905889865826,0.13024905889865826,29
VP,slope_fdc,388,0.12665472576960932,0.12665472576960932,30
VP,sand_frac,388,0.12439445593094534,0.12439445593094534,31
VP,soil_porosity,388,-0.11638899904165219,0.11638899904165219,32
VP,pet_mean,388,-0.10198801085584444,0.10198801085584444,33
VP,aridity,388,-0.09461095643790754,0.09461095643790754,34
VP,soil_depth_statsgo,388,0.07756199727397017,0.07756199727397017,35
VP,high_q_freq,388,-0.06488626720141863,0.06488626720141863,36
VP,soil_conductivity,388,0.061264480928267515,0.061264480928267515,37
VP,geol_permeability,388,0.056377923546756956,0.056377923546756956,38
VP,high_prec_dur,388,0.0507104170879056,0.0507104170879056,39
VP,low_q_dur,388,-0.04662295611617932,0.04662295611617932,40
VP,high_q_dur,388,0.03335443878439174,0.03335443878439174,41
VP,organic_frac,388,-0.030240125732333683,0.030240125732333683,42
VP,p_mean,388,0.028843336731459033,0.028843336731459033,43
VP,area_gages2,388,0.025368064241994212,0.025368064241994212,44
VP,area_geospa_fabric,388,0.0233879005024661,0.0233879005024661,45
VP,silt_frac,388,-0.019447535389980265,0.019447535389980265,46
VP,max_water_content,388,-0.010218550440048315,0.010218550440048315,47
VP,water_frac,388,0.0064879266300356935,0.0064879266300356935,48
VP,dom_land_cover_frac,388,-0.005971347944541287,0.005971347944541287,49
VP,carbonate_rocks_frac,388,0.002868555687128644,0.002868555687128644,50
